TEAM,CONF,G,W,ADJOE,ADJDE,BARTHAG,EFG_O,EFG_D,TOR,TORD,ORB,DRB,FTR,FTRD,2P_O,2P_D,3P_O,3P_D,ADJ_T,WAB,POSTSEASON,SEED,YEAR
Gonzaga  ,WCC,32,28,120.3,89.9,0.9662,58.7,43.1,15.7,16.3,29.1,23.4,30.6,22.7,60.4,41.8,37.0,30.5,72.6,6.7,,,2022
Houston  ,Amer,38,32,116.5,88.5,0.9595,53.1,43.3,16.9,21.7,37.7,28.0,29.0,34.7,54.5,43.4,33.8,28.8,63.7,6.2,,,2022
Kansas  ,B12,40,34,119.8,91.3,0.958,53.8,45.8,17.3,18.1,32.9,28.6,32.3,27.7,53.6,46.4,36.1,29.8,69.1,10.4,,,2022
Texas Tech  ,B12,37,27,110.5,85.4,0.9509,52.6,45.8,19.8,23.2,33.2,25.8,35.1,31.9,54.9,44.5,32.1,31.5,66.3,6.6,,,2022
Baylor  ,B12,34,27,117.8,91.3,0.9491,52.8,47.8,17.9,22.9,36.3,28.8,29.0,27.7,53.6,49.2,34.3,30.2,67.6,8.9,,,2022
Duke  ,ACC,39,32,122.7,96.0,0.944,55.6,47.1,15.0,15.7,31.7,28.9,28.6,19.1,56.0,46.6,36.6,32.0,67.4,7.2,,,2022
Tennessee  ,SEC,35,27,111.3,87.1,0.9435,50.7,46.4,17.7,22.9,32.4,27.2,29.0,31.5,48.5,46.0,35.9,31.3,67.3,7.9,,,2022
Villanova  ,BE,38,30,117.2,93.0,0.9345,51.5,47.3,15.5,18.4,31.2,28.9,29.8,25.0,49.5,48.1,35.9,30.8,62.2,7.3,,,2022
Arizona  ,P12,37,33,118.0,93.7,0.9341,55.6,44.4,18.3,17.4,34.7,28.6,34.9,24.0,57.0,41.8,35.3,32.8,72.3,8.8,,,2022
UCLA  ,P12,35,27,115.8,92.2,0.932,50.6,47.6,13.2,19.4,31.3,25.3,29.5,28.3,49.5,47.3,35.4,32.1,65.4,5.0,,,2022
Kentucky  ,SEC,34,26,119.4,95.4,0.9294,53.1,46.9,16.7,17.5,37.7,24.9,28.0,25.4,53.5,47.3,34.7,30.8,67.8,6.9,,,2022
Purdue  ,B10,37,29,121.6,97.5,0.9266,56.5,49.1,17.5,14.0,35.2,23.8,38.2,21.6,55.8,48.6,38.4,33.2,66.0,7.0,,,2022
Iowa  ,B10,36,26,121.1,97.2,0.9261,53.3,49.7,13.0,19.2,32.3,30.0,30.0,26.3,52.5,49.9,36.3,32.9,69.8,4.5,,,2022
Auburn  ,SEC,34,28,111.7,90.0,0.9227,49.9,44.1,16.7,20.0,33.7,28.9,31.6,34.2,51.3,42.8,31.8,31.0,70.0,7.4,,,2022
Texas  ,B12,34,22,112.5,91.5,0.9151,50.1,47.0,17.8,23.0,31.6,29.8,32.0,39.0,50.5,46.6,33.0,31.8,63.5,3.4,,,2022
North Carolina  ,ACC,39,29,114.4,93.5,0.9112,51.5,48.6,16.4,13.6,31.9,21.6,30.3,21.4,50.1,47.5,35.8,33.7,70.1,4.3,,,2022
Memphis  ,Amer,33,22,112.4,92.6,0.9029,52.3,46.6,22.5,20.4,37.4,30.9,37.8,33.2,51.9,45.5,35.5,32.0,70.0,1.4,,,2022
Virginia Tech  ,ACC,36,23,115.6,95.2,0.9027,55.1,49.0,17.0,18.7,27.8,26.2,24.5,25.6,52.6,49.3,39.2,32.3,63.3,1.7,,,2022
Saint Mary's  ,WCC,34,26,109.8,90.5,0.9024,52.7,48.3,17.0,19.2,27.4,21.7,23.3,25.1,52.5,47.0,35.5,34.3,63.7,3.9,,,2022
Illinois  ,B10,33,23,111.9,93.0,0.8942,52.5,46.0,18.1,15.5,33.1,26.6,32.0,28.2,51.4,45.2,35.9,31.9,67.1,4.1,,,2022
Arkansas  ,SEC,37,28,108.7,90.7,0.8893,48.6,47.5,16.9,20.5,29.6,25.3,37.2,31.9,50.1,46.8,30.4,32.4,70.6,4.5,,,2022
LSU  ,SEC,34,22,106.3,89.7,0.8765,49.4,45.1,20.7,25.1,33.8,30.9,33.4,37.8,50.4,47.6,31.6,28.2,68.7,2.3,,,2022
San Francisco  ,WCC,34,24,110.2,93.0,0.8748,53.1,47.1,17.9,18.4,30.0,24.0,28.5,33.0,54.4,48.7,34.3,28.9,69.0,1.6,,,2022
Michigan  ,B10,34,19,113.9,96.2,0.874,52.1,49.7,17.3,14.7,31.0,24.0,29.4,25.6,52.7,50.4,33.9,32.4,66.4,0.15,,,2022
Connecticut  ,BE,33,23,113.2,95.9,0.8707,49.6,46.0,17.3,18.0,37.9,27.6,30.5,31.7,48.0,42.6,35.2,35.3,65.0,3.1,,,2022
TCU  ,B12,34,21,108.6,92.1,0.8697,48.7,47.4,21.4,18.6,37.7,26.1,31.4,26.9,50.3,48.0,30.2,30.9,65.9,2.9,,,2022
San Diego St.  ,MWC,32,23,102.3,86.9,0.8675,48.7,44.1,19.3,21.9,29.5,27.3,31.1,31.0,46.7,43.5,35.4,30.0,65.3,2.6,,,2022
Indiana  ,B10,35,21,107.7,91.6,0.8651,50.6,46.2,17.2,17.6,27.0,25.1,33.5,30.7,50.9,43.9,33.3,33.0,67.2,0.21,,,2022
Oklahoma,B12,35,19,110.6,94.1,0.8649,54.8,49.4,22.0,20.3,25.7,26.2,27.4,26.4,56.7,50.3,34.7,31.8,65.2,1.1,,,2022
Alabama  ,SEC,33,19,115.2,98.3,0.8611,51.3,49.8,19.8,17.9,35.3,30.5,32.9,34.8,55.9,49.3,30.9,33.8,71.8,2.0,,,2022
Ohio St.  ,B10,32,20,115.5,98.5,0.8611,54.3,47.6,17.1,15.5,29.3,28.7,33.4,29.1,54.0,45.8,36.5,33.8,65.1,1.3,,,2022
Texas A&M,SEC,40,27,109.2,93.3,0.8596,49.6,47.4,18.9,23.7,33.5,33.2,35.7,33.3,50.1,47.9,32.4,31.1,66.5,1.2,,,2022
Oklahoma St.,B12,30,15,102.9,88.0,0.8575,48.0,45.7,21.4,22.8,32.3,31.4,33.0,31.2,49.8,43.7,29.5,32.4,68.0,-0.8,,,2022
Providence  ,BE,33,27,111.4,95.5,0.8552,50.0,46.3,17.0,15.6,30.3,27.4,37.0,27.0,49.0,47.1,34.4,30.0,65.3,5.9,,,2022
Wake Forest,ACC,35,25,110.7,95.0,0.8543,55.6,47.3,19.2,17.6,26.7,26.2,33.6,29.4,58.5,46.6,34.5,32.3,70.4,1.4,,,2022
Notre Dame  ,ACC,35,24,112.8,96.7,0.8542,54.0,49.0,15.6,15.1,22.1,24.7,27.3,22.2,51.9,49.6,37.9,32.0,65.4,1.9,,,2022
Wisconsin  ,B10,33,25,108.7,93.4,0.851,47.7,49.0,13.0,17.0,25.9,24.4,32.4,27.2,48.7,49.0,30.7,32.5,66.4,6.4,,,2022
Miami FL  ,ACC,37,26,113.6,97.9,0.8467,53.4,52.5,14.0,20.4,22.4,30.3,28.9,24.8,54.8,53.0,33.9,34.5,67.7,2.6,,,2022
Loyola Chicago  ,MVC,33,25,106.9,92.3,0.844,55.6,46.9,18.5,20.1,25.1,24.0,31.5,28.9,54.9,47.3,37.6,30.9,64.6,1.8,,,2022
Boise St.  ,MWC,35,27,107.6,92.9,0.8434,50.7,48.3,18.4,20.2,30.6,22.4,35.2,25.9,50.6,48.0,34.0,32.6,64.5,3.5,,,2022
Michigan St.  ,B10,36,23,111.6,96.6,0.8404,52.0,48.1,18.8,15.3,30.7,27.1,29.9,28.3,49.6,48.5,37.8,31.6,67.6,2.9,,,2022
Washington St.,P12,37,22,107.6,93.1,0.8404,47.9,46.9,16.6,20.4,33.4,29.5,29.8,30.3,46.2,47.4,33.5,30.6,66.2,-4.0,,,2022
Iowa St.  ,B12,35,22,101.7,88.4,0.8345,49.1,47.9,20.4,24.6,28.4,28.3,27.1,36.7,50.1,50.8,31.5,28.9,66.3,2.8,,,2022
Dayton,A10,35,24,108.8,94.5,0.8341,53.9,46.9,19.1,17.1,30.3,23.6,30.5,23.7,53.8,45.8,36.1,32.4,63.0,-1.2,,,2022
Syracuse,ACC,33,16,116.1,101.4,0.8271,52.5,50.6,15.4,16.7,29.2,32.1,28.3,23.5,49.9,51.6,37.6,33.0,67.7,-3.8,,,2022
Davidson  ,A10,34,27,115.8,101.1,0.8261,55.6,49.5,14.8,16.7,23.6,22.4,32.5,28.0,54.2,48.9,38.5,33.6,64.6,2.1,,,2022
Murray St.  ,OVC,34,31,110.0,96.2,0.8241,52.6,48.1,17.1,20.4,35.3,25.7,32.4,26.0,53.2,50.5,34.5,29.7,66.0,3.5,,,2022
Xavier,BE,36,23,110.9,97.2,0.8204,50.9,48.3,16.7,18.1,29.3,26.1,35.3,25.9,52.2,48.3,32.2,32.2,68.6,-1.1,,,2022
Colorado St.  ,MWC,31,25,111.9,98.1,0.819,54.8,50.1,15.2,18.5,21.9,25.0,29.6,25.6,55.7,51.0,35.6,32.7,65.6,4.3,,,2022
St. John's,BE,32,17,110.2,96.7,0.8176,50.8,48.9,15.9,21.3,30.7,31.5,26.1,33.2,51.0,47.5,33.5,34.1,73.6,-3.3,,,2022
Creighton  ,BE,35,23,104.8,92.1,0.8149,50.6,44.9,20.4,15.5,28.4,28.5,26.7,20.8,53.3,43.6,30.8,31.7,67.0,1.7,,,2022
VCU,A10,32,22,100.9,88.9,0.8097,51.4,44.4,21.9,24.7,26.6,32.0,30.9,38.3,51.1,45.9,34.7,27.8,68.5,0.5,,,2022
North Texas,CUSA,32,25,104.6,92.3,0.8081,51.4,46.3,18.7,19.5,31.7,25.1,37.7,32.8,49.7,47.6,35.8,28.8,59.2,0.7,,,2022
Utah St.,MWC,34,18,109.2,96.5,0.806,54.2,49.7,18.3,18.3,26.0,22.9,28.9,29.0,56.2,48.8,34.1,34.0,66.7,-4.7,,,2022
Florida,SEC,34,20,109.8,97.0,0.8055,49.6,49.4,18.5,21.8,31.5,32.5,33.8,30.3,53.1,49.9,30.3,32.2,65.5,-0.9,,,2022
SMU,Amer,33,24,107.9,95.4,0.8041,51.5,44.5,17.7,17.0,27.7,30.3,35.6,25.4,50.4,44.5,35.3,29.8,68.3,1.8,,,2022
West Virginia,B12,33,16,108.6,96.1,0.8024,46.8,50.6,18.2,22.5,30.0,33.6,36.1,34.1,45.7,51.7,32.8,32.4,67.9,-1.1,,,2022
USC  ,P12,34,26,108.6,96.2,0.802,51.2,44.7,17.9,14.4,33.5,26.7,30.9,26.8,50.1,42.0,35.7,33.2,66.2,4.1,,,2022
Virginia,ACC,35,21,107.4,95.1,0.8011,49.7,48.8,16.1,18.3,27.8,28.8,28.1,23.3,50.3,47.9,32.3,33.6,59.3,-0.5,,,2022
UAB  ,CUSA,35,27,111.8,99.1,0.8001,52.8,48.4,16.4,21.1,33.3,27.5,29.3,31.3,50.8,47.8,38.0,32.9,68.9,-0.11,,,2022
Seton Hall  ,BE,32,21,105.4,93.4,0.7997,47.2,45.6,17.7,18.5,32.3,29.1,30.5,27.8,45.8,45.1,33.2,31.1,67.6,1.9,,,2022
Vanderbilt,SEC,36,19,106.7,94.7,0.7983,50.2,48.5,18.9,20.7,27.5,27.7,38.7,34.9,49.5,50.7,34.0,30.1,67.4,-3.1,,,2022
Vermont  ,AE,34,28,109.7,97.3,0.798,57.1,47.7,14.7,16.8,23.7,18.7,26.7,23.3,58.6,45.3,36.8,34.4,64.8,-0.8,,,2022
Mississippi St.,SEC,34,18,107.6,95.6,0.7971,49.6,49.6,19.5,19.4,34.1,25.7,38.1,28.3,51.7,50.9,29.5,31.9,65.5,-2.4,,,2022
Kansas St.,B12,31,14,109.6,97.4,0.7968,49.4,49.5,16.9,19.8,25.2,28.3,29.6,32.0,47.5,52.4,34.6,30.2,66.4,-2.1,,,2022
Fresno St.,MWC,36,23,105.1,93.5,0.7927,51.1,47.7,17.7,19.4,27.3,22.9,31.2,27.2,51.3,47.2,33.7,32.3,61.5,-4.0,,,2022
Saint Louis,A10,35,23,108.5,96.7,0.7889,50.6,48.2,18.7,18.0,33.8,26.5,32.7,32.4,49.1,48.0,36.2,32.3,68.0,-1.5,,,2022
Marquette  ,BE,32,19,107.7,96.6,0.7785,52.1,47.0,17.2,18.9,22.5,31.6,26.2,29.5,52.6,46.4,34.4,32.0,71.2,0.5,,,2022
Tulane,Amer,29,14,110.8,99.4,0.7771,51.2,49.6,15.0,20.3,20.1,32.8,33.4,28.5,49.0,48.3,36.5,34.1,67.9,-5.1,,,2022
Clemson,ACC,33,17,109.4,98.3,0.7753,52.4,49.7,16.4,16.9,25.8,24.1,29.8,29.1,51.2,49.4,36.3,33.4,66.4,-3.7,,,2022
Oregon,P12,35,20,109.6,98.7,0.7704,51.1,49.6,17.1,19.2,29.9,31.1,29.7,29.1,51.6,50.2,33.5,32.4,67.7,-2.4,,,2022
Furman,SC,34,22,113.6,102.4,0.7688,55.6,51.5,15.7,19.1,27.4,28.1,23.3,24.6,55.0,52.5,37.5,33.3,65.0,-4.5,,,2022
Wyoming  ,MWC,34,25,107.9,97.3,0.7661,52.3,47.1,17.1,15.7,25.5,24.6,37.1,24.8,54.4,48.4,33.0,30.1,65.8,1.9,,,2022
BYU,WCC,35,24,108.4,97.8,0.7647,51.8,47.7,18.4,15.0,30.6,22.5,27.2,31.1,51.9,48.9,34.6,30.5,67.8,0.33,,,2022
Rutgers  ,B10,32,18,106.6,96.3,0.7626,49.9,48.6,17.3,17.8,29.6,27.0,26.2,28.6,49.4,47.1,33.9,33.9,65.0,-0.7,,,2022
New Mexico St.  ,WAC,34,27,106.0,96.0,0.7572,51.9,45.2,20.8,16.8,32.6,25.7,34.6,28.3,53.2,45.6,33.4,29.8,66.1,0.7,,,2022
Chattanooga  ,SC,35,27,107.3,97.3,0.7559,52.2,49.4,17.0,18.1,32.7,26.2,26.8,27.8,53.0,52.1,33.9,30.3,64.6,0.2,,,2022
South Dakota St.  ,Sum,35,30,114.1,103.5,0.7541,59.2,51.4,15.3,15.8,23.7,24.3,34.6,21.3,55.9,50.3,43.7,35.2,69.6,1.5,,,2022
Santa Clara,WCC,33,21,110.6,100.4,0.7537,54.5,48.5,16.2,16.5,23.4,26.2,27.6,21.2,53.5,46.7,37.8,34.8,70.9,-1.7,,,2022
Missouri St.,MVC,34,23,112.1,101.8,0.7523,54.6,48.8,15.5,15.7,25.8,24.0,27.7,28.0,54.6,47.8,36.4,33.6,67.1,-2.5,,,2022
Towson,CAA,34,25,108.3,98.4,0.7498,51.6,47.9,17.9,19.5,35.7,26.5,33.9,31.9,50.4,48.4,35.7,31.5,64.7,-1.7,,,2022
Drake,MVC,36,25,108.4,98.9,0.7424,51.4,49.3,15.9,19.4,30.2,25.9,27.3,33.5,52.3,49.1,33.1,33.1,66.0,-2.0,,,2022
Arizona St.,P12,31,14,100.6,92.0,0.7377,47.1,46.3,17.3,19.6,24.9,30.3,21.2,32.3,47.7,46.1,30.7,31.1,67.3,-4.2,,,2022
Maryland,B10,32,15,108.7,99.4,0.7376,49.4,50.2,16.8,16.1,27.2,27.6,33.9,24.6,49.7,48.2,32.6,35.5,66.7,-3.8,,,2022
Colorado,P12,33,21,105.4,96.4,0.7357,50.4,48.1,19.7,17.5,29.9,24.4,34.7,27.0,48.1,47.2,36.6,33.1,67.3,-0.29,,,2022
UNLV,MWC,32,18,107.0,97.9,0.7357,49.1,48.4,17.0,17.2,27.1,25.9,30.7,30.8,48.6,48.8,33.2,31.9,66.4,-3.8,,,2022
Northwestern,B10,31,15,105.5,96.7,0.732,49.0,50.8,14.1,19.3,25.6,25.1,25.1,34.8,47.2,47.7,34.6,36.8,67.8,-3.9,,,2022
Wichita St.,Amer,28,15,103.9,95.5,0.7234,46.7,47.3,18.7,20.1,32.3,28.3,31.7,30.4,46.7,47.2,31.2,31.6,67.1,-3.6,,,2022
St. Bonaventure,A10,33,23,107.3,98.7,0.7233,50.5,50.3,15.5,19.1,26.9,27.5,25.9,22.2,50.9,49.6,33.1,34.2,65.5,-0.5,,,2022
Iona,MAAC,33,25,106.9,98.6,0.7178,50.7,46.6,17.9,19.0,31.8,29.7,37.3,33.8,51.2,47.2,33.2,30.2,69.4,-0.7,,,2022
Belmont,OVC,33,25,106.6,98.4,0.7163,55.7,49.4,16.8,20.9,24.4,27.8,25.9,23.5,60.7,48.7,32.8,33.7,69.0,-0.24,,,2022
Grand Canyon,WAC,31,23,104.1,96.1,0.714,49.9,43.5,19.2,18.6,34.8,28.4,31.0,33.0,48.3,45.1,34.8,26.9,65.6,-2.4,,,2022
Richmond  ,A10,37,24,106.9,99.1,0.7071,51.1,50.5,14.3,18.8,22.4,27.5,31.0,23.4,52.3,49.9,33.0,34.3,66.7,-1.6,,,2022
Northern Iowa,MVC,32,20,110.2,102.1,0.7058,53.0,53.9,16.2,18.0,20.8,21.8,33.2,22.7,53.3,54.4,35.1,35.6,67.3,-2.9,,,2022
Penn St.,B10,31,14,104.0,96.4,0.7043,50.5,48.3,18.6,13.8,28.6,24.1,21.8,26.2,49.9,45.6,34.2,35.2,61.9,-3.9,,,2022
Cincinnati,Amer,33,18,104.4,96.9,0.7038,46.9,45.0,15.2,17.9,30.1,29.6,29.6,34.5,46.7,44.2,31.4,31.2,67.7,-4.6,,,2022
UCF,Amer,30,18,106.3,98.7,0.7005,49.9,48.7,19.1,20.7,30.8,30.8,28.5,29.8,47.9,50.0,35.0,31.2,67.5,-1.7,,,2022
Middle Tennessee,CUSA,37,26,105.8,98.3,0.7002,51.4,47.2,18.9,20.3,30.0,29.2,34.2,36.5,52.7,47.6,33.1,31.0,67.1,-3.2,,,2022
Toledo,MAC,34,26,109.2,101.8,0.693,53.0,47.2,14.7,15.3,30.4,27.4,28.0,22.9,53.1,47.6,35.2,31.2,68.9,-1.6,,,2022
Mississippi,SEC,32,13,106.0,99.1,0.6855,49.6,51.4,18.0,19.4,26.7,26.6,28.7,28.0,50.0,53.1,32.6,32.3,65.4,-7.1,,,2022
Louisiana Tech,CUSA,34,24,104.4,97.7,0.6841,51.9,48.2,16.9,19.3,26.1,28.1,31.1,28.1,52.5,47.4,34.0,33.0,68.4,-2.6,,,2022
Bradley,MVC,31,17,102.8,96.1,0.6837,51.1,46.9,19.9,18.2,31.9,23.5,27.3,30.2,51.1,46.1,34.1,32.2,67.3,-6.4,,,2022
Florida St.,ACC,31,17,105.2,98.4,0.6833,49.0,52.2,18.1,21.0,31.7,31.1,30.3,30.4,48.7,50.0,33.1,36.9,67.8,-1.6,,,2022
Saint Peter's  ,MAAC,34,22,99.4,93.1,0.6785,47.5,44.2,20.1,20.5,30.9,29.0,37.4,41.2,45.6,44.5,34.6,29.2,65.6,-5.6,,,2022
DePaul,BE,31,15,106.4,99.8,0.6756,48.8,48.8,17.4,16.8,31.7,28.5,33.4,26.0,49.4,47.8,31.7,33.7,68.8,-4.7,,,2022
South Carolina,SEC,31,18,100.1,94.2,0.6676,47.3,47.3,21.4,21.5,33.6,32.1,29.2,41.6,47.4,46.9,31.3,32.0,70.6,-1.1,,,2022
Washington,P12,32,17,104.4,98.4,0.6628,46.4,49.9,16.7,22.1,29.3,35.6,34.7,30.1,46.2,49.8,31.2,33.5,69.6,-4.4,,,2022
Temple,Amer,29,17,101.6,96.2,0.6523,45.4,45.5,18.5,17.2,32.7,29.3,39.7,31.7,44.7,46.3,31.1,29.4,66.3,-2.5,,,2022
Princeton,Ivy,30,23,111.5,105.9,0.6451,56.7,51.3,14.5,15.5,24.8,23.5,21.3,21.7,55.9,51.6,38.4,33.6,66.9,-2.1,,,2022
Minnesota,B10,30,13,106.1,100.8,0.6432,50.7,51.2,14.0,15.8,17.7,27.5,23.6,23.3,48.0,51.6,36.8,33.7,65.1,-4.8,,,2022
Boston College,ACC,33,13,103.9,98.8,0.6422,47.8,51.5,17.9,18.7,29.9,25.7,29.6,31.5,48.5,49.8,30.9,36.4,65.0,-8.3,,,2022
Hofstra,CAA,32,21,109.1,103.8,0.6397,53.4,54.4,14.7,20.4,23.3,26.9,21.7,26.3,55.6,52.1,33.8,38.3,68.9,-3.4,,,2022
Nebraska,B10,32,10,106.5,101.4,0.6385,50.3,51.5,17.1,18.3,20.6,31.4,33.3,29.4,51.8,51.2,32.0,34.7,71.4,-9.2,,,2022
Abilene Christian,WAC,36,25,104.5,99.5,0.6369,48.4,52.0,17.6,27.9,27.8,30.9,39.3,49.1,48.4,52.0,32.2,34.6,70.2,-4.1,,,2022
Stanford,P12,32,16,103.5,98.7,0.6336,49.8,51.4,22.3,16.4,33.8,22.9,29.9,29.0,49.2,52.9,33.9,32.7,66.0,-3.2,,,2022
Utah Valley,WAC,32,20,101.5,96.8,0.6333,50.6,45.4,22.1,15.6,32.0,24.5,38.1,28.3,48.7,46.6,36.8,29.0,65.8,-5.3,,,2022
Butler,BE,33,14,102.3,97.6,0.6315,47.1,49.9,18.2,17.1,27.1,27.4,30.2,30.2,48.9,51.9,29.7,31.1,63.8,-5.3,,,2022
Louisville,ACC,32,13,103.0,98.3,0.6309,48.8,50.3,18.0,16.3,27.3,24.9,25.1,30.0,50.5,49.1,30.9,34.9,67.3,-6.8,,,2022
Morehead St.,OVC,34,23,102.8,98.2,0.6278,52.4,46.5,20.4,17.3,30.7,29.5,29.0,23.7,51.6,45.3,35.8,32.6,64.7,-3.9,,,2022
N.C. State,ACC,32,11,109.2,104.5,0.6249,47.9,53.4,14.5,18.3,30.3,31.0,29.0,29.4,45.9,53.0,34.0,36.1,67.1,0.0,,,2022
George Mason,A10,30,14,104.7,100.2,0.6243,53.0,49.6,18.0,17.2,24.9,23.8,29.0,29.6,52.4,48.1,35.7,34.4,65.0,-8.2,,,2022
Liberty,ASun,33,22,104.6,100.2,0.6204,55.5,48.3,18.0,17.1,22.2,22.8,28.4,31.4,54.0,46.3,38.1,34.2,65.0,-6.1,,,2022
Utah,P12,31,11,106.6,102.2,0.6187,48.4,49.4,18.1,15.2,29.3,29.2,30.0,28.6,47.3,49.4,33.5,32.9,66.4,-9.5,,,2022
Nevada,MWC,31,13,105.8,101.7,0.6118,50.6,52.4,18.4,18.3,24.5,26.1,32.0,29.7,51.3,51.2,33.0,35.9,70.3,-7.0,,,2022
Western Kentucky,CUSA,32,19,105.5,101.5,0.6078,52.8,50.7,17.6,19.9,25.1,30.4,31.3,16.5,52.1,48.6,35.9,35.6,68.7,-6.4,,,2022
Wofford,SC,32,19,105.3,101.4,0.6074,53.9,53.8,17.7,19.7,26.9,22.2,28.2,28.6,55.5,53.3,34.8,36.2,64.1,-6.3,,,2022
Southern Illinois,MVC,31,16,101.7,97.9,0.6062,51.5,49.7,18.1,18.7,23.2,23.3,29.1,27.6,50.6,50.2,35.1,32.4,62.1,-7.5,,,2022
Akron  ,MAC,34,24,105.5,101.7,0.6041,52.5,49.1,17.7,17.5,29.0,26.4,39.3,26.1,52.2,47.4,35.3,34.8,61.9,-4.3,,,2022
Colgate  ,Pat,35,23,107.0,103.2,0.6024,55.6,48.9,16.9,16.0,26.6,25.1,26.3,24.1,52.1,48.0,40.4,33.7,67.0,-6.1,,,2022
Charleston,CAA,32,17,105.3,101.6,0.6021,50.3,51.2,20.9,19.1,35.7,25.0,30.4,37.6,50.0,51.3,33.9,34.1,73.7,0.0,,,2022
Stephen F. Austin,WAC,32,22,101.9,98.3,0.6017,51.3,49.2,22.3,24.4,34.5,32.2,36.5,37.4,52.8,50.1,31.9,31.9,69.0,-3.1,,,2022
Texas St.,SB,29,21,105.3,101.7,0.5989,51.0,50.7,18.8,21.8,30.8,29.3,32.9,34.4,48.9,49.5,37.2,35.1,63.7,-2.3,,,2022
Georgia St.  ,SB,29,18,101.9,98.4,0.5988,44.7,50.0,16.6,22.1,32.5,31.0,30.4,33.2,42.5,46.2,32.4,37.5,67.3,-5.1,,,2022
Kent St.,MAC,34,23,102.4,99.1,0.5935,49.8,49.0,18.5,19.5,30.8,26.4,32.6,36.4,50.5,50.1,32.5,31.7,65.7,-4.5,,,2022
Delaware  ,CAA,35,22,106.5,103.1,0.5914,53.4,49.6,18.3,18.5,26.7,31.3,34.5,29.1,54.4,47.7,34.5,35.4,66.6,-5.5,,,2022
Florida Atlantic,CUSA,34,19,104.5,101.2,0.5908,53.3,50.8,19.6,19.5,31.1,26.0,28.8,32.1,53.6,48.4,35.3,36.9,67.1,-8.1,,,2022
Sam Houston St.,WAC,33,19,100.0,96.9,0.5892,48.3,48.6,18.5,20.8,30.6,26.3,25.0,34.7,46.8,49.1,33.6,31.9,64.9,-7.1,,,2022
California,P12,32,12,100.0,97.2,0.5819,46.9,47.5,17.1,14.7,25.5,23.4,25.3,31.5,47.2,48.1,30.8,30.9,64.1,-8.8,,,2022
Georgia Tech,ACC,32,12,100.5,97.8,0.5792,49.6,50.1,18.9,18.8,25.0,28.1,25.0,31.5,48.6,51.4,34.4,32.1,68.1,-8.3,,,2022
Rhode Island,A10,31,15,98.2,95.6,0.5761,50.6,46.3,20.8,19.3,28.6,27.6,36.1,32.7,50.5,44.5,33.8,32.6,67.2,-8.5,,,2022
UC Santa Barbara,BW,28,17,104.3,101.7,0.5716,53.5,48.1,19.3,19.5,28.4,27.2,37.2,30.4,55.0,48.2,33.4,32.0,65.5,-6.8,,,2022
Seattle,WAC,32,23,98.7,96.3,0.5707,48.3,46.4,16.3,20.5,26.0,25.6,28.8,40.5,47.1,46.0,33.1,31.4,70.4,-3.6,,,2022
Drexel,CAA,29,15,104.0,101.5,0.5674,52.0,50.4,16.4,16.2,25.6,26.1,25.4,26.1,52.0,50.6,34.7,33.4,66.2,-7.7,,,2022
Jacksonville St.  ,ASun,32,21,104.5,102.2,0.5639,53.6,48.1,19.7,17.1,28.2,27.0,32.1,21.6,51.0,47.5,38.0,32.7,65.1,-5.2,,,2022
Buffalo,MAC,30,19,105.7,103.7,0.5529,51.6,48.2,18.6,15.8,37.0,27.9,25.6,29.4,51.6,48.3,34.4,31.9,71.1,-5.4,,,2022
UC Irvine,BW,25,15,98.2,96.5,0.5514,47.6,44.1,20.6,17.2,29.9,27.6,29.7,31.2,47.4,46.0,32.1,26.6,65.1,-4.8,,,2022
Saint Joseph's,A10,30,11,99.9,98.2,0.5504,49.7,47.7,19.6,13.7,27.0,24.1,22.9,26.9,49.0,47.6,33.6,31.8,68.2,-11.0,,,2022
Ohio,MAC,35,25,102.6,100.8,0.5503,50.6,50.0,15.4,20.4,27.1,26.0,31.5,28.0,50.8,51.9,33.7,31.2,67.4,-3.5,,,2022
Yale  ,Ivy,31,19,99.4,97.9,0.5447,49.7,48.9,18.3,18.2,25.6,26.7,32.2,32.1,50.1,51.2,32.6,30.5,68.8,-4.9,,,2022
Gardner Webb,BSth,31,18,97.1,95.7,0.5418,49.9,45.5,20.0,19.0,26.9,26.3,28.5,36.3,50.2,47.4,33.0,28.5,67.5,-7.7,,,2022
Jacksonville,ASun,31,21,100.5,99.1,0.5395,48.6,47.2,18.6,16.4,33.6,23.4,30.5,30.8,47.2,49.9,34.5,29.3,61.4,-5.6,,,2022
Missouri,SEC,33,12,102.1,100.8,0.5366,47.1,50.8,21.6,17.9,31.4,29.7,29.9,35.6,49.4,49.7,28.1,35.1,65.7,-7.0,,,2022
Appalachian St.,SB,34,19,100.7,99.6,0.5318,48.4,49.8,16.0,17.9,26.3,26.0,27.6,21.7,46.9,50.0,33.5,33.0,64.4,-7.0,,,2022
Montana St.  ,BSky,35,27,103.6,102.5,0.5307,53.9,49.4,18.7,18.2,26.7,23.5,40.1,36.1,52.9,48.9,37.0,33.6,67.1,-2.8,,,2022
UC Riverside,BW,28,16,101.2,100.1,0.53,50.7,47.1,18.4,16.1,22.4,22.4,26.9,28.2,52.2,47.8,32.3,30.2,65.4,-6.8,,,2022
New Mexico,MWC,32,13,105.4,104.3,0.5296,49.4,52.0,16.1,18.0,24.0,29.1,32.8,35.6,48.1,53.5,34.4,32.9,71.2,-9.6,,,2022
UTEP,CUSA,34,20,100.8,99.8,0.5285,49.2,49.9,16.7,20.5,22.6,29.5,27.8,37.2,47.4,50.0,34.7,33.2,66.5,-5.9,,,2022
UNC Wilmington,CAA,36,27,104.4,103.5,0.5253,48.1,50.5,14.6,19.9,28.0,31.8,34.4,34.8,47.4,49.1,32.9,35.5,65.4,-3.6,,,2022
Wagner,NEC,27,21,101.2,100.4,0.5237,49.9,48.1,18.0,22.3,33.5,27.5,32.1,39.3,53.0,50.4,28.5,29.7,66.5,-2.5,,,2022
Tulsa,Amer,31,11,103.5,102.6,0.5234,49.6,52.2,19.0,20.1,26.7,30.1,31.0,29.0,48.5,50.5,34.2,36.2,66.4,-10.6,,,2022
Mercer,SC,33,16,105.8,105.2,0.5172,52.9,52.8,18.3,15.8,24.5,26.5,29.3,28.5,52.9,53.2,35.3,34.9,64.9,-9.7,,,2022
Coastal Carolina,SB,33,19,101.1,100.6,0.5156,49.9,46.5,20.3,17.3,32.7,28.7,31.1,25.5,48.3,47.8,35.1,30.0,66.6,-8.8,,,2022
South Alabama,SB,33,21,101.7,101.2,0.5145,52.0,47.6,19.3,20.8,26.9,31.3,30.6,30.7,52.3,46.8,34.2,32.5,66.5,-6.2,,,2022
Portland,WCC,34,19,103.3,102.8,0.5142,50.2,50.1,18.3,17.4,23.9,27.7,33.5,26.2,48.4,48.5,35.4,35.0,68.7,-6.6,,,2022
North Dakota St.,Sum,33,23,101.5,101.1,0.5137,51.8,47.6,17.0,12.7,24.8,23.1,33.4,25.5,51.1,47.0,35.3,32.5,66.2,-4.5,,,2022
East Tennessee St.,SC,32,15,107.7,107.1,0.5137,51.8,53.1,17.0,16.6,30.6,31.1,21.7,26.1,51.1,54.7,35.1,34.2,65.5,-9.4,,,2022
Longwood  ,BSth,33,25,105.0,104.5,0.5129,50.9,52.1,18.8,20.4,32.7,25.5,35.2,28.1,47.5,54.2,37.7,32.9,66.3,-3.3,,,2022
Samford,SC,32,21,104.1,103.9,0.5041,51.8,52.1,19.3,17.8,30.1,29.0,28.9,32.0,53.4,52.6,33.1,34.4,69.2,-4.6,,,2022
East Carolina,Amer,30,15,101.8,101.7,0.5029,47.1,50.5,18.7,18.5,27.6,28.5,33.5,31.0,45.3,48.8,33.3,35.3,67.8,-6.4,,,2022
Cleveland St.,Horz,31,20,104.0,104.2,0.4961,53.2,49.4,19.6,21.8,33.9,31.9,36.1,34.2,55.3,50.0,32.6,32.3,67.6,-6.3,,,2022
Monmouth,MAAC,34,21,101.3,101.7,0.4896,47.5,47.3,17.3,17.8,29.4,27.9,36.9,33.6,46.3,46.6,33.1,32.3,66.2,-6.1,,,2022
Georgetown,BE,31,6,104.2,104.6,0.4879,46.2,53.6,18.8,18.0,32.3,29.9,29.0,27.6,43.3,52.4,34.2,36.9,70.0,-13.0,,,2022
VMI,SC,32,16,109.5,110.0,0.4858,55.3,51.1,16.9,14.0,22.7,29.6,26.3,25.3,54.4,50.2,37.4,34.7,68.7,-8.8,,,2022
Louisiana,SB,31,16,101.1,101.7,0.4841,48.6,46.9,22.0,18.4,33.6,27.6,35.5,35.5,47.0,46.2,34.3,32.2,69.6,0.0,,,2022
Hawaii,BW,28,17,100.3,101.0,0.4786,50.4,46.9,19.7,15.9,29.0,25.1,32.5,31.7,49.5,47.2,34.6,30.9,65.1,-7.1,,,2022
Northern Kentucky,Horz,32,20,100.8,101.5,0.478,49.5,49.5,19.9,21.1,36.0,31.0,26.6,25.0,48.3,50.0,34.1,32.4,64.0,-8.0,,,2022
Winthrop,BSth,32,23,104.3,105.2,0.4767,56.4,51.0,21.2,19.3,25.3,27.5,37.5,33.5,57.0,49.1,37.0,35.9,68.3,-3.3,,,2022
Oakland,Horz,32,20,102.5,103.3,0.4756,49.1,50.2,18.0,20.5,30.7,33.4,34.0,21.5,52.5,52.9,29.7,31.0,67.7,-6.1,,,2022
Southern Utah,BSky,35,23,105.0,105.9,0.4735,52.6,51.7,17.4,17.2,27.8,22.5,33.4,27.6,53.6,51.6,34.1,34.6,68.3,-6.5,,,2022
Fordham,A10,32,16,93.1,94.1,0.4705,45.7,47.9,18.9,19.6,27.2,26.3,29.7,30.4,46.7,48.5,29.7,31.2,67.8,-8.4,,,2022
Cal St. Fullerton  ,BW,32,21,102.0,103.1,0.4674,48.9,51.1,17.9,20.2,29.1,28.2,34.8,25.7,48.4,48.4,33.4,37.3,66.0,-5.0,,,2022
UNC Greensboro,SC,32,17,100.0,101.2,0.4673,49.8,50.4,20.1,18.6,32.4,25.2,27.5,28.6,48.6,48.6,34.4,34.9,62.3,-7.3,,,2022
Cornell,Ivy,26,15,103.1,104.3,0.4656,53.5,51.1,19.6,18.1,26.1,28.1,32.2,31.3,55.6,53.0,34.1,32.3,72.0,-6.3,,,2022
Bryant  ,NEC,32,22,102.9,104.1,0.465,49.6,47.6,19.0,16.6,32.8,31.7,32.7,25.2,52.8,47.0,30.3,32.5,72.3,-4.8,,,2022
Bellarmine,ASun,33,20,108.0,109.3,0.4645,53.3,54.4,15.0,17.7,22.4,30.5,22.1,30.2,54.8,56.1,34.2,35.0,62.3,-5.6,,,2022
Wright St.  ,Horz,36,22,104.8,106.2,0.4613,51.7,51.4,17.7,18.5,31.0,30.1,31.6,26.1,52.5,51.9,33.4,33.8,68.8,-8.4,,,2022
Long Beach St.,BW,33,20,101.5,103.0,0.4582,48.8,52.1,17.9,19.9,27.1,27.2,38.1,27.7,47.1,51.3,34.9,35.5,71.1,-4.9,,,2022
Oral Roberts,Sum,31,19,108.1,109.7,0.4576,53.9,51.1,13.2,12.7,26.6,24.7,23.0,24.8,52.3,50.8,37.2,34.4,70.2,-6.8,,,2022
Navy,Pat,32,21,94.2,95.6,0.4575,47.5,47.3,19.9,20.4,33.8,24.8,30.8,31.7,47.0,45.7,32.3,33.2,64.8,-6.0,,,2022
Florida Gulf Coast,ASun,34,22,104.7,106.4,0.4563,53.3,50.5,18.9,15.8,29.9,27.4,29.1,24.0,53.8,50.5,35.1,33.7,70.1,-6.7,,,2022
Charlotte,CUSA,31,17,104.7,106.4,0.4537,52.9,52.6,17.2,16.9,22.7,25.6,28.0,26.5,53.6,51.7,34.5,36.2,65.4,-7.4,,,2022
Massachusetts,A10,32,15,110.9,112.8,0.4515,51.3,55.2,16.6,18.0,29.3,29.7,32.8,29.3,48.0,54.7,37.1,37.4,69.1,-9.0,,,2022
Georgia,SEC,32,6,107.0,108.8,0.4511,50.2,54.6,20.7,15.7,25.8,30.1,39.0,24.1,51.3,56.1,32.1,34.9,68.8,-13.7,,,2022
Weber St.,BSky,33,21,101.3,103.2,0.4488,53.5,52.3,16.3,20.2,20.0,24.9,37.8,26.9,54.5,49.2,34.6,38.1,69.6,-7.7,,,2022
Pittsburgh,ACC,32,11,98.9,101.1,0.4378,46.7,52.0,21.2,16.5,30.5,26.1,39.4,29.4,46.5,49.5,31.4,36.8,64.0,-8.9,,,2022
Norfolk St.  ,MEAC,31,24,100.7,102.9,0.4372,50.9,45.8,20.1,18.4,30.1,27.8,38.3,33.5,50.8,47.1,34.0,29.5,66.9,-3.1,,,2022
Texas Southern  ,SWAC,32,19,96.3,98.5,0.4356,48.2,45.3,21.4,17.3,33.0,28.0,33.6,33.4,48.6,45.1,31.4,30.4,68.1,-6.8,,,2022
Tarleton St.,WAC,31,14,99.3,101.6,0.4354,46.3,52.4,18.2,24.7,27.0,34.0,33.7,35.6,46.3,54.7,30.9,32.9,63.2,-9.5,,,2022
Campbell,BSth,29,16,100.1,102.4,0.4353,51.3,50.6,16.4,18.3,22.2,26.1,26.3,27.6,52.4,49.1,33.0,35.3,62.2,-8.8,,,2022
Old Dominion,CUSA,32,13,99.6,101.9,0.4344,46.9,49.7,18.4,17.1,32.3,27.3,34.3,29.4,48.1,48.4,29.0,34.2,64.3,-12.3,,,2022
Illinois St.,MVC,33,13,103.5,106.0,0.4312,51.8,50.9,19.6,17.3,28.5,29.7,31.3,31.9,49.6,50.5,37.0,34.4,68.1,-12.4,,,2022
UMKC,Sum,31,19,100.4,103.0,0.4276,52.3,52.0,15.6,21.0,21.5,26.6,31.6,44.4,51.6,52.8,35.8,33.6,67.3,-7.3,,,2022
Arkansas St.,SB,29,18,98.0,100.5,0.426,49.3,49.2,20.6,19.3,29.4,28.4,34.5,28.2,50.0,48.8,31.9,33.3,68.2,-5.9,,,2022
Indiana St.,MVC,31,11,98.6,101.6,0.416,50.6,51.7,19.2,15.8,17.3,22.5,26.4,26.2,52.8,50.1,32.0,36.1,69.5,-12.3,,,2022
Troy,SB,32,20,97.3,100.2,0.4148,47.6,48.5,22.1,20.3,31.6,27.6,34.9,34.5,47.1,47.9,32.3,33.1,67.1,-5.8,,,2022
Nicholls St.,Slnd,33,21,99.6,102.7,0.4113,52.1,48.3,17.3,19.7,29.6,30.6,21.6,36.3,54.5,47.2,32.1,33.3,69.8,-5.8,,,2022
Valparaiso,MVC,32,14,102.1,105.4,0.4107,51.0,52.3,16.5,16.5,20.3,24.8,26.9,22.6,52.1,51.6,32.9,35.6,65.2,-10.8,,,2022
Loyola Marymount,WCC,29,11,105.1,108.5,0.4104,51.9,54.7,19.2,18.1,24.4,27.3,31.1,31.9,52.3,55.0,34.2,36.0,65.8,-9.4,,,2022
UC Davis,BW,24,13,97.4,100.7,0.4071,48.6,47.3,17.9,19.2,26.2,28.9,29.4,36.9,48.7,45.4,32.3,33.9,67.3,-8.1,,,2022
Purdue Fort Wayne,Horz,33,21,99.1,102.4,0.4066,53.1,53.4,19.2,21.6,22.4,27.1,27.4,25.9,51.9,53.6,36.4,35.4,68.3,0.0,,,2022
Niagara,MAAC,30,14,98.4,101.8,0.4041,49.3,48.2,16.7,17.1,23.1,27.1,28.1,28.8,48.2,46.9,34.0,33.6,64.3,-10.5,,,2022
Fairfield,MAAC,33,15,99.4,103.1,0.3986,49.3,48.1,16.8,17.0,27.4,27.7,26.6,31.2,48.6,48.1,33.5,32.2,64.3,-12.7,,,2022
UNC Asheville,BSth,32,17,101.3,105.1,0.3963,50.5,49.9,18.2,19.0,26.6,33.0,37.1,27.4,50.1,52.9,34.1,29.0,66.5,-9.4,,,2022
Harvard,Ivy,26,13,97.0,100.7,0.3955,49.6,52.1,17.5,20.7,25.2,23.8,24.5,32.6,50.0,49.8,32.6,37.1,67.2,-9.5,,,2022
South Dakota,Sum,31,19,103.5,107.5,0.3922,52.0,52.7,15.1,15.5,26.5,22.4,34.1,34.2,50.0,51.7,37.3,36.2,65.8,-7.6,,,2022
Oregon St.,P12,31,3,105.3,109.4,0.3919,49.2,55.0,18.2,17.5,26.2,34.0,27.6,29.1,49.8,55.8,31.9,35.9,66.7,-16.2,,,2022
James Madison,CAA,29,15,102.2,106.3,0.3897,51.1,53.3,17.7,20.6,25.9,31.5,30.6,27.5,50.9,55.7,34.2,33.7,69.0,-8.3,,,2022
Northern Colorado,BSky,38,22,106.9,111.2,0.3892,56.2,52.9,17.1,13.9,21.9,24.6,30.8,30.1,55.6,50.7,37.9,38.2,69.3,-9.0,,,2022
Cal Baptist,WAC,34,18,98.1,102.2,0.3863,49.9,48.2,20.4,17.4,28.1,27.8,36.8,33.8,49.8,47.8,33.4,32.6,67.3,-9.1,,,2022
Penn,Ivy,28,12,105.2,109.6,0.3839,51.3,52.1,17.0,15.3,25.4,28.0,24.1,28.8,52.0,52.1,33.5,34.7,67.9,-8.8,,,2022
San Diego,WCC,31,15,96.0,100.1,0.3821,46.7,49.2,18.6,16.0,26.3,26.4,25.5,23.7,46.2,49.0,32.1,33.2,65.7,-7.8,,,2022
George Washington,A10,30,12,98.9,103.1,0.3816,48.9,49.6,17.9,18.0,23.2,31.1,26.0,29.2,48.0,51.4,33.7,30.7,69.0,-10.9,,,2022
Rider,MAAC,33,14,98.6,102.9,0.3798,45.6,49.2,17.3,18.4,29.4,28.3,27.2,33.2,44.9,47.3,31.6,34.4,67.0,-13.4,,,2022
Detroit Mercy,Horz,30,14,105.7,110.4,0.3771,52.6,54.4,17.9,19.0,27.9,29.7,22.8,30.5,50.1,55.4,36.9,35.3,64.9,0.0,,,2022
Dartmouth,Ivy,25,9,96.3,100.7,0.3766,48.2,50.8,17.4,19.0,23.6,26.6,24.5,28.4,46.6,50.5,33.4,34.2,64.7,-11.2,,,2022
Marist,MAAC,30,14,99.2,103.8,0.3728,50.4,48.3,18.2,16.7,26.4,27.1,25.0,28.5,49.7,47.1,34.4,33.4,66.2,-11.6,,,2022
Brown,Ivy,29,13,98.8,103.6,0.3677,49.4,51.1,19.1,19.5,28.2,28.1,31.6,33.2,50.6,51.3,31.7,33.9,67.5,-9.9,,,2022
La Salle,A10,30,11,97.8,102.6,0.3653,47.8,50.0,19.0,16.7,29.0,27.4,25.1,31.0,47.6,47.8,32.0,35.9,67.5,-11.7,,,2022
High Point,BSth,32,14,98.8,103.7,0.3649,48.9,49.5,19.5,17.7,27.4,30.2,33.9,35.3,49.4,52.1,32.0,30.1,66.3,-12.5,,,2022
Boston University,Pat,35,22,104.3,109.5,0.3644,51.9,50.9,18.2,16.5,30.9,24.2,28.8,29.0,51.6,51.0,34.9,33.8,64.9,-8.3,,,2022
Southeast Missouri St.,OVC,32,14,104.0,109.2,0.364,51.6,52.4,17.8,18.1,25.8,28.9,36.7,39.6,50.6,52.8,35.4,34.6,71.6,-12.4,,,2022
Northeastern,CAA,31,9,97.1,102.1,0.3579,50.1,51.7,21.2,15.7,26.3,23.7,30.6,25.6,51.6,51.9,32.0,34.3,64.6,-15.4,,,2022
Kennesaw St.,ASun,31,13,103.6,109.0,0.3579,51.8,53.1,17.4,18.2,28.7,27.9,29.7,35.3,50.3,52.1,36.2,36.2,66.2,-12.0,,,2022
Eastern Washington,BSky,34,18,102.9,108.3,0.3566,52.9,50.4,18.5,15.6,25.3,26.0,32.9,31.5,51.9,50.4,36.1,33.6,69.7,-9.8,,,2022
UT Arlington,SB,29,11,96.2,101.5,0.3501,45.7,49.4,20.3,20.3,30.5,31.7,29.7,32.3,45.3,46.8,31.0,35.5,65.4,-11.0,,,2022
Southern,SWAC,31,17,94.1,99.4,0.3488,49.2,49.2,20.4,25.2,27.5,31.1,33.6,45.7,47.5,52.9,35.0,28.4,70.3,-8.7,,,2022
Marshall,CUSA,33,12,100.3,105.9,0.3476,49.4,52.0,18.1,17.8,27.3,28.1,24.3,28.3,52.1,51.6,30.1,35.3,72.4,-14.1,,,2022
South Florida,Amer,31,8,91.0,96.1,0.3464,41.3,48.3,19.1,18.9,29.8,27.0,25.4,33.6,42.8,46.6,25.2,33.8,65.0,-12.8,,,2022
Stony Brook,AE,31,18,104.0,109.9,0.3446,50.3,52.6,15.5,17.4,27.4,29.7,27.7,23.8,49.9,54.1,34.0,33.6,68.2,-8.0,,,2022
Quinnipiac,MAAC,31,14,101.9,107.8,0.3443,50.0,50.6,18.7,17.2,28.6,28.6,27.0,27.2,49.2,47.6,34.0,37.1,68.9,-12.3,,,2022
UMBC,AE,32,18,103.5,109.6,0.3428,52.6,52.8,16.2,16.6,21.9,28.8,31.1,19.7,48.9,52.7,38.3,35.2,68.3,-9.4,,,2022
Siena,MAAC,29,15,97.8,103.6,0.3389,48.7,49.1,18.4,17.3,24.5,28.5,28.9,29.2,46.3,48.7,35.6,33.3,66.2,-9.3,,,2022
New Hampshire,AE,28,15,102.5,108.7,0.3377,50.9,50.4,14.8,14.0,27.9,21.9,25.4,26.6,48.1,49.8,36.6,34.2,61.9,-9.3,,,2022
Rice,CUSA,33,16,103.9,110.2,0.337,52.9,50.8,18.4,14.3,26.1,28.2,31.2,21.1,51.9,51.6,36.2,32.9,67.6,-9.6,,,2022
Youngstown St.,Horz,34,19,103.1,109.4,0.3366,51.0,51.0,17.3,17.1,29.8,28.3,30.4,30.3,50.8,50.7,34.1,34.3,66.6,-10.4,,,2022
LIU,NEC,30,16,98.9,105.0,0.3366,48.4,48.5,18.5,18.2,30.6,29.7,30.4,29.7,49.6,48.8,31.0,32.0,72.5,0.0,,,2022
The Citadel,SC,31,13,100.8,107.1,0.3327,52.0,50.4,17.1,13.8,23.7,29.4,29.9,26.3,51.7,50.9,34.8,33.1,70.4,-11.7,,,2022
Montana,BSky,32,18,99.9,106.3,0.3282,50.2,51.8,15.7,19.1,18.1,26.8,38.5,42.8,49.9,49.9,33.9,37.5,65.3,-9.9,,,2022
Howard,MEAC,29,16,99.3,105.7,0.3264,50.4,49.4,20.7,23.5,28.0,34.5,36.2,33.9,47.8,48.6,36.2,34.0,70.4,-9.5,,,2022
Georgia Southern,SB,29,13,96.0,102.4,0.3223,47.8,48.2,21.1,18.9,27.7,31.0,31.6,35.5,50.1,47.3,29.2,33.0,66.0,-11.1,,,2022
Alcorn St.,SWAC,34,17,97.5,104.0,0.3222,45.9,50.9,20.3,19.1,31.9,27.9,32.5,36.8,45.1,50.6,31.8,34.3,67.4,-8.2,,,2022
Texas A&M Corpus Chris  ,Slnd,35,23,96.4,102.8,0.3222,47.2,49.0,19.7,22.6,34.0,28.8,38.0,42.3,46.9,50.3,31.8,31.5,69.2,-7.6,,,2022
Ball St.,MAC,31,14,101.2,108.1,0.3207,51.3,52.4,19.5,17.1,26.8,28.3,38.1,32.8,49.8,50.8,35.7,36.3,70.0,-12.2,,,2022
Tennessee Tech,OVC,32,11,100.5,107.3,0.3201,49.2,51.5,18.9,18.1,30.9,30.5,24.0,24.0,49.2,53.4,32.9,32.4,69.1,-14.2,,,2022
Elon,CAA,32,10,98.8,105.6,0.3194,49.0,50.6,19.9,16.6,25.4,28.8,25.9,43.8,48.6,49.9,33.0,34.5,66.0,-13.4,,,2022
Lipscomb,ASun,33,14,101.6,108.7,0.3153,52.3,51.5,19.0,14.1,22.7,28.0,33.9,22.7,53.2,48.1,34.0,37.5,69.3,-12.4,,,2022
Mount St. Mary's,NEC,30,14,95.4,102.2,0.313,48.6,48.6,20.1,18.9,31.0,29.1,26.3,26.2,47.6,47.4,33.9,33.9,63.5,-11.2,,,2022
Miami OH,MAC,32,14,103.7,111.1,0.3113,50.3,53.5,15.0,18.0,26.0,30.2,23.7,30.4,49.5,52.5,34.3,36.7,67.5,-13.2,,,2022
Western Illinois,Sum,32,16,99.3,106.4,0.3108,49.6,52.9,15.9,17.3,28.8,22.7,29.4,31.4,49.8,51.3,33.0,37.4,70.5,-10.2,,,2022
Portland St.,BSky,31,14,95.7,102.8,0.3058,47.1,52.7,17.0,23.4,26.1,31.8,31.6,39.4,48.4,51.2,29.7,36.7,70.6,-12.8,,,2022
Eastern Kentucky,ASun,31,13,100.8,108.3,0.3056,48.4,54.6,15.6,22.3,28.7,31.8,21.7,28.1,46.0,56.6,33.9,34.4,71.0,-13.7,,,2022
Tennessee St.,OVC,32,14,98.0,105.3,0.3033,49.0,50.1,19.8,19.7,29.7,28.6,30.4,39.2,47.6,49.8,34.6,33.7,67.4,-13.5,,,2022
Pepperdine,WCC,32,7,97.8,105.2,0.3021,47.5,52.7,20.4,18.0,26.3,31.0,23.9,31.5,45.6,54.6,34.1,32.9,70.2,-15.3,,,2022
Air Force,MWC,29,11,95.9,103.2,0.2991,50.9,51.5,21.5,20.3,19.6,29.4,26.8,38.9,51.6,53.8,33.3,31.2,63.2,-10.1,,,2022
Louisiana Monroe,SB,31,13,100.7,108.5,0.2977,50.2,52.9,18.9,19.4,24.7,33.4,26.0,34.7,50.5,52.0,33.2,36.2,67.8,-11.9,,,2022
USC Upstate,BSth,32,15,101.3,109.2,0.2958,51.3,51.6,18.7,17.8,22.3,30.8,29.0,38.3,49.3,52.8,36.4,33.3,68.5,-10.7,,,2022
North Florida,ASun,31,11,96.5,104.4,0.289,48.1,48.8,21.6,16.7,25.2,36.9,30.4,28.7,47.7,48.0,32.4,33.9,68.1,-11.7,,,2022
UC San Diego,BW,29,13,101.1,109.6,0.2842,52.0,52.7,18.9,17.2,18.6,27.6,32.7,22.0,50.3,54.3,36.0,32.9,67.9,-11.6,,,2022
Manhattan,MAAC,30,15,99.4,107.9,0.2786,48.3,52.2,20.5,19.9,30.0,30.9,41.4,34.7,50.0,52.9,29.9,33.9,68.5,-10.4,,,2022
Presbyterian,BSth,32,12,95.3,103.7,0.2764,45.4,53.5,19.5,21.1,33.1,24.6,30.2,40.7,49.0,51.0,26.1,38.4,64.1,-14.2,,,2022
Southeastern Louisiana,Slnd,34,19,102.0,111.3,0.2698,51.8,53.7,20.0,19.6,25.9,33.2,38.8,27.3,51.9,55.4,34.4,34.0,70.3,-8.9,,,2022
Bowling Green,MAC,31,13,102.7,111.9,0.2698,48.6,53.5,16.5,17.3,29.9,30.7,31.9,30.8,48.0,53.1,33.1,36.0,72.7,-13.4,,,2022
Radford,BSth,29,11,95.2,103.8,0.2693,46.5,52.0,20.6,20.2,28.9,26.0,27.8,37.4,47.7,51.3,29.8,35.4,64.3,-12.1,,,2022
UMass Lowell,AE,31,15,94.8,103.4,0.2686,48.0,48.9,18.3,19.5,29.2,29.9,26.5,32.5,49.3,45.6,30.2,37.0,67.6,-11.8,,,2022
San Jose St.,MWC,31,8,98.4,107.4,0.2675,49.7,53.5,20.0,15.7,22.0,30.5,22.5,27.0,48.2,53.4,34.3,35.8,65.5,-13.6,,,2022
Utah Tech,WAC,31,13,94.2,102.9,0.2661,46.5,50.9,21.0,17.8,26.7,28.9,35.2,30.7,47.8,51.7,29.5,33.0,71.6,-11.5,,,2022
Illinois Chicago,Horz,30,14,99.7,109.1,0.263,51.1,51.6,17.2,16.8,25.0,27.2,22.9,34.2,53.3,50.0,32.4,37.4,68.9,-11.7,,,2022
FIU,CUSA,32,15,96.8,105.9,0.261,49.9,50.2,20.1,18.5,27.0,29.8,24.6,31.4,49.0,50.2,34.0,33.4,66.7,-12.0,,,2022
Pacific,WCC,30,8,95.3,104.3,0.2603,46.2,54.9,17.4,18.7,22.6,22.6,32.3,28.1,45.8,52.1,31.4,39.2,68.0,-15.5,,,2022
Prairie View A&M,SWAC,27,8,96.5,105.7,0.26,48.4,51.0,24.0,20.6,31.7,34.2,38.5,44.8,46.8,49.6,34.5,35.7,70.7,-11.9,,,2022
Canisius,MAAC,32,11,95.9,105.1,0.2582,45.4,51.5,16.9,17.8,28.0,26.3,30.2,32.2,45.5,53.7,30.2,31.2,68.3,-15.0,,,2022
Hartford,AE,32,12,100.8,110.6,0.2564,53.3,51.6,18.2,16.5,23.8,28.4,27.6,28.9,51.5,50.4,36.9,35.7,67.1,-16.0,,,2022
North Carolina A&T,BSth,32,12,96.4,105.9,0.2531,46.6,51.0,18.1,19.9,29.2,30.8,28.2,37.8,46.3,50.1,31.5,34.8,67.6,-14.6,,,2022
Austin Peay,OVC,29,12,94.7,104.2,0.2489,46.6,52.5,21.3,20.9,29.5,30.4,25.7,36.1,46.9,54.1,30.8,33.2,64.6,-10.8,,,2022
St. Thomas,Sum,30,10,105.9,116.6,0.2473,52.0,58.9,12.6,16.1,20.7,27.1,23.7,32.5,52.5,58.0,34.4,40.1,65.5,-15.8,,,2022
Jackson St.,SWAC,30,11,93.1,102.6,0.2462,45.3,47.7,19.9,18.3,31.4,27.9,26.5,36.6,45.5,47.5,30.0,32.2,63.9,-12.7,,,2022
Duquesne,A10,30,6,97.8,107.9,0.245,45.4,54.0,16.9,19.0,29.2,31.5,21.9,21.9,45.2,51.3,30.5,39.8,65.9,-16.4,,,2022
New Orleans,Slnd,32,18,95.9,105.8,0.2445,49.4,50.1,19.3,19.7,26.0,30.8,42.0,32.8,50.4,51.1,30.8,32.3,71.9,-9.1,,,2022
SIU Edwardsville,OVC,32,11,94.3,104.0,0.2432,46.7,49.0,21.6,19.2,31.1,30.6,34.5,37.6,48.1,48.7,29.5,33.0,68.4,-15.2,,,2022
Loyola MD,Pat,30,14,94.5,104.6,0.2374,50.4,51.4,19.5,20.6,25.2,26.1,25.0,30.7,51.7,51.3,32.1,34.3,65.3,-12.1,,,2022
Central Arkansas,ASun,31,11,99.5,110.6,0.229,48.2,54.8,18.8,16.4,26.2,30.9,23.1,29.8,50.3,55.8,29.5,35.3,72.1,-13.0,,,2022
Army,Pat,31,15,96.3,107.0,0.2287,48.8,52.8,18.9,19.4,29.8,27.2,32.1,22.9,49.3,51.6,31.9,36.4,69.0,-12.2,,,2022
Cal St. Bakersfield,BW,27,8,96.7,107.6,0.2281,44.4,51.4,18.0,20.1,32.0,26.1,29.5,48.0,44.9,50.5,28.3,35.2,64.4,-13.8,,,2022
Tennessee Martin,OVC,30,8,96.4,107.2,0.2277,46.1,50.8,19.4,18.4,29.8,31.8,26.3,37.2,47.0,51.2,29.7,33.4,69.1,-15.7,,,2022
Merrimack,NEC,30,14,93.5,104.3,0.221,48.6,49.1,18.5,22.6,22.5,36.2,26.0,33.9,47.8,48.8,33.3,33.2,62.2,-11.1,,,2022
Albany,AE,31,13,91.7,102.3,0.2205,46.2,50.7,18.7,20.7,26.1,27.2,24.9,31.8,45.2,49.1,32.3,35.5,65.3,-12.8,,,2022
Denver,Sum,32,11,99.1,110.8,0.2185,52.7,52.4,18.6,16.5,23.7,28.1,32.0,32.2,51.1,50.9,37.1,36.4,66.5,-16.2,,,2022
Western Carolina,SC,32,11,98.2,109.7,0.2181,47.9,53.2,17.7,14.3,28.6,28.5,27.8,28.7,49.0,52.6,31.3,36.0,68.4,-14.2,,,2022
Cal Poly,BW,28,7,93.2,104.2,0.2164,46.1,48.1,22.6,17.0,27.3,26.9,36.3,36.8,47.2,44.5,29.5,36.2,64.6,-16.4,,,2022
Northern Illinois,MAC,30,9,92.4,103.5,0.2131,47.2,50.6,19.9,19.7,24.3,29.4,33.0,40.7,47.0,51.8,31.7,32.3,67.0,-14.7,,,2022
Morgan St.,MEAC,28,13,93.7,105.2,0.2089,46.1,51.2,21.2,23.2,31.4,29.9,31.0,43.7,46.6,51.0,30.0,34.4,71.6,-10.8,,,2022
Lehigh,Pat,32,13,97.5,109.5,0.2071,52.1,49.3,19.2,14.7,21.5,26.4,25.1,31.8,48.9,47.4,38.2,36.4,68.2,-14.5,,,2022
Binghamton,AE,29,12,93.6,105.5,0.2028,48.8,49.9,18.8,15.9,26.7,27.1,23.2,30.1,47.0,49.6,34.7,33.6,67.1,-12.7,,,2022
North Alabama,ASun,30,9,91.2,102.8,0.2023,43.2,50.2,17.0,18.9,25.5,29.9,23.8,40.0,42.8,50.1,29.2,33.7,67.6,-15.2,,,2022
Eastern Michigan,MAC,31,10,94.5,106.6,0.2016,48.2,51.6,19.2,16.9,23.3,28.4,29.8,29.3,49.3,50.6,30.7,35.6,69.4,-15.4,,,2022
Stetson,ASun,30,11,96.1,108.3,0.2012,48.8,53.0,19.5,16.1,28.2,27.5,25.6,26.8,46.5,53.5,34.9,34.9,65.5,-14.6,,,2022
Hampton,BSth,28,10,92.2,104.3,0.195,44.8,46.8,18.4,16.7,23.1,30.5,38.2,37.7,44.4,48.5,30.4,29.2,69.5,-14.3,,,2022
McNeese St.,Slnd,33,11,97.4,110.3,0.194,48.6,52.0,22.0,17.7,33.2,28.9,37.5,40.2,49.9,52.0,30.6,34.7,69.7,-16.4,,,2022
Western Michigan,MAC,31,8,97.4,110.2,0.1934,49.3,53.4,20.3,15.0,27.2,32.3,24.3,29.8,48.9,55.3,33.2,33.8,64.2,-16.9,,,2022
Florida A&M,SWAC,30,13,94.9,107.4,0.1928,46.1,48.2,18.7,18.5,25.7,34.4,29.8,38.9,46.6,46.4,29.7,34.3,65.4,-12.2,,,2022
Robert Morris,Horz,32,8,99.1,112.5,0.1885,50.9,53.1,20.8,16.9,28.2,32.2,28.2,28.9,51.6,51.9,32.9,36.9,66.9,-18.7,,,2022
UTSA,CUSA,32,10,93.9,106.8,0.1862,43.6,54.3,17.6,17.0,29.5,25.8,25.4,33.0,43.9,53.0,28.7,37.7,68.7,-15.8,,,2022
Sacramento St.,BSky,29,11,95.4,108.5,0.1847,48.8,52.6,16.7,17.7,21.4,27.6,28.3,33.7,46.9,53.4,35.1,34.2,64.4,-14.1,,,2022
Lafayette,Pat,30,10,97.3,111.0,0.1794,50.6,53.7,16.4,17.2,22.4,30.0,20.9,25.8,51.9,51.8,32.8,38.0,64.8,-15.4,,,2022
UT Rio Grande Valley,WAC,31,8,98.5,112.6,0.1765,49.5,51.9,20.7,17.9,24.7,33.5,41.4,35.7,51.9,53.7,30.3,32.7,71.7,-16.3,,,2022
North Carolina Central,MEAC,31,16,94.7,108.4,0.1747,47.7,50.5,23.8,22.0,32.6,30.5,37.8,43.4,48.3,51.4,31.1,32.9,67.7,-10.4,,,2022
South Carolina St.,MEAC,31,15,92.3,105.6,0.1746,43.3,49.9,20.2,20.6,34.3,29.0,31.9,37.4,42.1,47.7,30.6,35.7,70.4,-12.5,,,2022
Little Rock,SB,28,9,96.7,110.7,0.1735,47.9,56.3,20.3,20.0,23.5,30.6,32.3,31.0,46.6,55.5,33.3,38.4,66.8,-13.6,,,2022
Central Michigan,MAC,30,7,95.1,109.1,0.1712,47.8,53.0,19.6,16.6,25.4,31.4,30.5,36.0,45.5,53.6,34.1,34.8,67.6,-16.1,,,2022
St. Francis NY,NEC,30,10,94.2,108.1,0.1712,46.0,51.9,17.9,18.9,29.4,29.8,23.3,32.4,45.4,52.7,31.3,33.3,66.7,-15.6,,,2022
Coppin St.,MEAC,32,9,89.8,103.2,0.1684,46.0,49.3,19.4,21.2,20.1,32.0,34.6,28.1,47.6,46.7,29.7,35.2,72.9,-16.7,,,2022
Maryland Eastern Shore,MEAC,27,11,88.6,102.1,0.1644,45.4,51.0,22.0,23.8,27.3,29.9,31.0,35.8,44.3,51.2,31.2,33.7,67.6,-11.4,,,2022
Bucknell,Pat,32,9,100.7,116.1,0.1628,52.8,53.8,19.3,13.7,21.8,30.0,28.3,22.9,50.6,52.3,37.6,37.4,67.8,-18.4,,,2022
Evansville,MVC,30,6,92.0,106.3,0.1601,46.9,56.1,17.2,17.9,14.4,22.3,24.6,31.0,45.2,55.3,32.6,38.4,63.9,-16.4,,,2022
Grambling St.,SWAC,32,12,92.1,106.4,0.1597,44.6,48.9,20.0,19.2,27.4,31.4,33.4,40.8,43.8,46.3,31.1,35.7,69.2,-13.6,,,2022
Sacred Heart,NEC,30,10,100.3,116.1,0.1576,50.8,53.2,19.6,15.7,30.8,31.3,24.9,25.5,50.5,53.6,34.2,35.0,67.4,-16.7,,,2022
Saint Francis,NEC,30,9,94.5,109.5,0.1557,46.9,52.4,18.1,18.3,30.5,31.9,29.8,25.6,46.7,51.4,31.5,35.9,67.1,0.0,,,2022
Alabama St.,SWAC,31,10,95.8,111.1,0.1532,47.7,50.4,21.5,19.4,29.5,33.5,36.9,33.8,46.8,50.8,33.0,33.2,69.8,-14.3,,,2022
Southern Miss,CUSA,33,7,94.9,110.5,0.1473,46.9,54.1,19.7,15.9,23.7,28.4,26.7,28.1,47.0,52.6,31.0,37.4,67.1,-18.9,,,2022
Alabama A&M,SWAC,30,12,86.1,100.3,0.1471,41.3,46.3,19.6,19.6,28.7,31.0,33.5,28.6,41.5,45.2,27.1,32.0,66.6,-14.0,,,2022
Idaho,BSky,31,9,97.5,114.1,0.1406,50.2,54.6,18.5,14.5,23.3,26.3,33.8,33.9,47.4,55.5,36.7,35.1,70.1,-17.7,,,2022
Idaho St.,BSky,30,7,94.1,110.4,0.1386,47.4,53.2,21.1,16.7,27.6,27.5,33.0,35.2,49.6,54.5,29.6,34.1,63.9,-18.9,,,2022
Green Bay,Horz,30,5,92.2,108.2,0.1381,46.5,53.0,19.9,18.1,26.6,28.7,32.0,31.7,48.9,53.6,28.0,34.7,64.5,-20.4,,,2022
Northern Arizona,BSky,32,9,94.7,111.3,0.1359,47.9,53.0,20.4,13.8,28.9,23.5,27.7,34.1,45.4,52.2,34.3,36.3,65.3,-18.0,,,2022
Milwaukee,Horz,32,10,91.7,107.9,0.1327,47.7,47.5,19.6,14.9,25.9,30.1,28.0,29.1,47.5,45.3,31.9,33.8,66.9,-17.8,,,2022
Cal St. Northridge,BW,30,7,93.5,110.2,0.1319,44.4,51.9,18.5,19.9,26.8,33.0,29.6,36.5,44.0,53.1,30.2,33.2,64.9,-17.4,,,2022
Northwestern St.,Slnd,32,9,96.7,113.9,0.1317,49.5,53.2,20.1,17.1,27.8,32.2,25.0,34.1,48.4,54.4,34.4,34.0,71.2,-16.4,,,2022
William & Mary,CAA,32,5,90.2,106.3,0.1312,46.0,53.6,23.1,17.9,27.1,27.7,30.3,27.2,45.5,55.7,31.1,33.7,68.9,-20.3,,,2022
Bethune Cookman,SWAC,30,9,93.4,110.1,0.1306,45.4,51.5,19.7,20.4,27.9,30.9,28.8,35.5,43.7,52.7,33.7,32.9,66.0,-16.7,,,2022
American,Pat,32,10,93.1,109.9,0.1291,49.6,53.3,20.2,17.4,25.0,29.0,25.6,28.9,49.6,53.9,33.1,34.7,65.0,-18.2,,,2022
Chicago St.,WAC,32,7,95.5,113.0,0.1269,45.8,53.7,22.1,18.7,31.5,32.2,29.3,38.5,45.3,50.0,31.0,40.1,66.3,-18.1,,,2022
Houston Christian,Slnd,29,11,95.0,113.0,0.1199,48.8,55.3,20.6,19.1,29.3,27.2,37.8,37.8,50.5,53.7,30.5,38.8,68.3,-14.3,,,2022
Charleston Southern,BSth,31,6,92.9,111.3,0.1113,46.2,55.4,21.4,17.3,26.2,25.7,28.4,30.0,47.1,56.1,30.1,36.1,69.2,-20.0,,,2022
NJIT,AE,29,11,89.4,107.4,0.1085,46.5,51.0,18.7,16.7,23.2,27.9,31.0,27.0,45.1,51.0,32.6,34.0,66.2,-13.3,,,2022
North Dakota,Sum,31,6,96.1,115.4,0.1084,47.2,56.3,17.5,13.6,26.8,25.8,31.6,30.5,44.7,55.8,33.5,38.1,67.4,-20.7,,,2022
Fairleigh Dickinson,NEC,26,4,94.7,114.1,0.1049,46.4,53.8,19.3,18.1,27.7,34.1,27.8,34.1,45.2,54.5,32.4,35.1,69.6,-17.2,,,2022
Nebraska Omaha,Sum,30,5,96.5,116.5,0.1028,49.3,56.3,19.3,14.7,24.6,30.0,28.3,37.4,46.9,54.0,35.8,39.9,69.8,-18.5,,,2022
Lamar,WAC,29,2,90.9,110.6,0.0951,44.5,52.9,21.5,17.8,30.0,31.7,26.2,38.5,44.1,52.7,30.2,35.5,66.0,-21.1,,,2022
Holy Cross,Pat,31,9,90.8,111.2,0.0886,45.1,53.2,18.2,17.6,27.3,29.4,28.6,30.8,43.2,52.7,33.1,36.1,67.0,-18.7,,,2022
Arkansas Pine Bluff,SWAC,31,7,97.6,119.8,0.0864,46.6,55.5,19.5,18.7,24.8,36.3,33.6,34.6,48.0,56.1,29.8,36.0,67.4,-17.4,,,2022
Mississippi Valley St.,SWAC,28,2,93.2,115.3,0.0801,44.5,56.7,18.1,20.7,23.4,33.9,31.4,36.5,43.8,55.1,30.5,40.0,70.8,-21.3,,,2022
Incarnate Word,Slnd,32,7,94.4,116.7,0.0797,48.4,56.8,19.9,18.0,22.3,32.4,27.4,30.0,46.5,57.4,33.8,37.1,65.0,-19.4,,,2022
Maine,AE,29,6,92.2,114.2,0.079,46.9,54.9,19.3,18.3,24.0,30.4,20.4,32.8,47.0,53.3,31.0,38.6,66.1,-18.3,,,2022
Columbia,Ivy,26,4,91.5,114.2,0.0725,48.5,54.8,21.5,16.4,27.5,28.8,26.1,25.1,46.4,53.4,34.9,37.8,69.6,-18.1,,,2022
Central Connecticut,NEC,32,8,90.0,112.5,0.0711,46.0,52.9,20.6,18.8,26.3,31.8,29.1,28.8,42.6,53.3,34.2,34.8,65.1,-19.0,,,2022
Delaware St.,MEAC,28,2,86.5,110.1,0.0586,45.0,51.1,25.6,19.3,27.0,34.7,32.4,34.2,43.4,48.6,32.2,36.1,68.1,-22.8,,,2022
Eastern Illinois,OVC,31,5,83.0,108.4,0.0442,44.2,53.4,24.1,18.2,20.6,32.6,31.2,24.2,42.3,55.8,31.8,33.5,64.9,-20.3,,,2022
IU Indy,Horz,29,3,80.4,109.2,0.0285,42.4,52.8,26.1,20.5,30.1,33.0,24.9,37.5,41.6,52.4,29.2,35.5,62.5,-22.4,,,2022
