G,W,WIN_PER,ADJOE,ADJDE,BARTHAG,EFG_O,EFG_D,TOR,TORD,ORB,DRB,FTR,FTRD,2P_O,2P_D,3P_O,3P_D,ADJ_T,WAB,SEED,POWER,TRAIN
2.0,3.0,0.044117647058823484,-2.0,-0.6000000000000085,-0.01760000000000006,-2.799999999999997,-2.8999999999999986,-1.200000000000001,0.1999999999999993,5.100000000000001,-2.400000000000002,7.4999999999999964,2.6000000000000014,0.10000000000000142,-4.399999999999999,-5.300000000000004,1.1000000000000014,4.900000000000006,1.3,-1,1,0.0
3.0,-1.0,-0.08838383838383845,8.5,-8.399999999999991,0.23809999999999998,-4.200000000000003,-0.29999999999999716,-0.6999999999999993,-2.1000000000000014,7.700000000000003,-3.6000000000000014,4.5,-9.5,-1.0,-2.3999999999999986,-6.899999999999999,3.5,-2.1000000000000014,3.1999999999999997,-3,1,1.0
1.0,3.0,0.06825396825396834,9.099999999999994,-3.5,0.2704,2.0,0.8999999999999986,-2.5,-1.8000000000000007,-0.4000000000000057,-4.5,-0.0,-1.3000000000000043,0.7999999999999972,-2.0,3.5999999999999943,3.700000000000003,1.5,7.5,-3,1,0.0
2.0,-6.0,-0.20321637426900585,0.8999999999999915,-5.8999999999999915,0.12290000000000001,0.7000000000000028,2.299999999999997,0.3000000000000007,4.199999999999999,-4.100000000000001,1.8000000000000007,0.6999999999999993,0.8999999999999986,1.5,8.099999999999994,-0.7999999999999972,-4.899999999999999,-1.1999999999999886,-1.8,-1,1,0.0
3.0,-6.0,-0.34615384615384615,10.5,2.799999999999997,0.13729999999999998,-0.8999999999999986,5.300000000000004,-2.799999999999997,-9.099999999999998,-0.20000000000000284,-3.5,-1.3999999999999986,-14.5,-0.19999999999999574,3.1000000000000014,-1.0,6.0,-5.299999999999997,2.1,-3,1,1.0
-1.0,-4.0,-0.1078629032258065,3.8000000000000114,-2.8999999999999915,0.15470000000000006,-2.1000000000000014,-0.3999999999999986,-2.4999999999999982,1.3999999999999986,-1.5999999999999979,0.8999999999999986,0.3999999999999986,7.399999999999999,-2.6000000000000014,-1.0,-0.5,0.7000000000000028,1.2000000000000028,1.3000000000000003,-3,1,1.0
1.0,2.0,0.03809523809523807,9.5,9.799999999999997,-0.02400000000000002,5.5,1.3999999999999986,-1.8000000000000007,-3.8000000000000007,-0.3999999999999986,4.400000000000002,-5.100000000000001,-7.600000000000001,6.299999999999997,1.7000000000000028,2.5,-0.5,1.4000000000000057,1.9,-1,0,0.0
3.0,2.0,-0.010610079575596898,-1.0999999999999943,-6.200000000000003,0.07020000000000004,-2.299999999999997,-4.700000000000003,1.3000000000000007,-2.900000000000002,7.400000000000002,0.10000000000000142,10.7,-2.3000000000000007,-0.7999999999999972,-7.699999999999996,-3.1000000000000014,0.6000000000000014,-0.0,0.6000000000000001,-1,0,0.0
-5.0,-4.0,-0.0071428571428571175,-0.0,6.200000000000003,-0.05130000000000001,0.6000000000000014,3.6000000000000014,2.0,-4.100000000000001,-0.3999999999999986,-1.3999999999999986,4.100000000000001,-3.6999999999999993,3.1000000000000014,2.299999999999997,-3.799999999999997,3.8999999999999986,-0.8000000000000114,-0.5999999999999996,-1,0,1.0
-1.0,-1.0,-0.005689900426742556,-5.799999999999997,-8.0,0.017199999999999993,0.6000000000000014,-4.700000000000003,3.200000000000001,3.8000000000000007,1.7000000000000028,-1.0,2.6000000000000014,7.199999999999999,0.8999999999999986,-5.800000000000004,-0.10000000000000142,-1.6000000000000014,-2.0,-2.1000000000000005,-1,0,1.0
-2.0,-0.0,0.04158004158004158,-3.799999999999997,-5.400000000000006,0.014800000000000035,-1.3999999999999986,-5.100000000000001,1.8000000000000007,-6.700000000000003,5.199999999999996,-7.299999999999997,11.0,-9.599999999999998,1.1999999999999957,-7.799999999999997,-2.700000000000003,-0.5,-2.3999999999999915,2.700000000000001,-3,0,1.0
-0.0,-2.0,-0.06060606060606066,0.6000000000000085,3.8000000000000114,-0.02289999999999992,-1.7000000000000028,4.0,-1.6999999999999993,-2.8000000000000007,-7.0,0.6999999999999993,1.8999999999999986,-10.199999999999996,-5.0,5.0,1.7999999999999972,1.6999999999999993,-1.5999999999999943,1.7999999999999998,-3,1,0.0
1.0,3.0,0.06595365418894827,10.400000000000006,3.799999999999997,0.04410000000000003,6.399999999999999,-0.5,-2.4999999999999982,-4.5,1.0,2.6999999999999993,-9.299999999999997,-13.399999999999999,4.899999999999999,0.5,6.099999999999998,-1.3999999999999986,-3.0,1.9000000000000004,-2,0,0.0
1.0,-1.0,-0.056451612903225756,-1.8999999999999915,-8.799999999999997,0.08530000000000004,-2.0,-2.8999999999999986,-0.0,4.799999999999997,-4.199999999999996,0.6000000000000014,1.6000000000000014,12.200000000000003,-1.0,-4.100000000000001,-2.5,-0.5,0.29999999999999716,3.0000000000000004,-3,0,1.0
-0.0,3.0,0.09375,5.599999999999994,6.1000000000000085,-0.011599999999999944,4.899999999999999,6.5,-4.4,-0.6999999999999993,-7.899999999999999,-0.1999999999999993,2.6000000000000014,-12.3,5.600000000000001,5.600000000000001,2.5,5.5,2.700000000000003,1.7999999999999998,-1,-1,1.0
-0.0,4.0,0.10526315789473673,7.799999999999997,4.700000000000003,0.0040000000000000036,1.7000000000000028,1.7000000000000028,-3.0,-5.300000000000001,3.0,-3.3000000000000007,-3.799999999999997,-10.3,-0.29999999999999716,3.8000000000000043,3.0,-0.8000000000000007,-6.799999999999997,4.1,-2,0,0.0
-0.0,2.0,0.05128205128205121,-1.3999999999999915,-4.200000000000003,0.01770000000000005,0.8000000000000043,-7.800000000000004,1.6999999999999993,-9.700000000000001,2.299999999999997,-6.399999999999999,2.700000000000003,-8.899999999999999,2.5999999999999943,-9.5,-0.30000000000000426,-3.1999999999999957,-0.7000000000000028,4.6,-3,0,1.0
-0.0,7.0,0.22580645161290314,0.7999999999999972,-8.099999999999994,0.054300000000000015,0.20000000000000284,-4.600000000000001,-1.1999999999999993,0.7000000000000011,2.1000000000000014,-3.0,-2.0999999999999943,-5.700000000000003,0.5,-7.0,-0.29999999999999716,-0.10000000000000142,-7.8999999999999915,5.500000000000001,-3,0,0.0
-0.0,3.0,0.07500000000000007,-4.700000000000003,-4.900000000000006,0.01090000000000002,1.6000000000000014,-1.3999999999999986,-0.8000000000000007,3.5,-11.600000000000001,3.099999999999998,-13.5,-1.0999999999999943,-1.8999999999999986,-2.6999999999999957,5.5,0.7999999999999972,-1.1000000000000085,0.8000000000000003,-1,-1,0.0
2.0,-0.0,-0.05208333333333337,5.599999999999994,1.8999999999999915,0.01969999999999994,2.700000000000003,-2.799999999999997,1.1000000000000014,-0.1999999999999993,7.100000000000001,0.8000000000000007,-2.3999999999999986,9.0,3.3999999999999986,-4.699999999999996,0.7999999999999972,-0.1999999999999993,1.1000000000000085,-0.2999999999999998,-1,1,0.0
1.0,0.0,-0.018716577540106916,4.8999999999999915,2.5,0.023600000000000065,-0.7999999999999972,2.8000000000000043,-2.3999999999999986,2.3000000000000007,0.0,2.6000000000000014,-9.899999999999999,10.7,0.3999999999999986,2.6999999999999957,-2.6999999999999993,2.1000000000000014,0.5999999999999943,1.0,-3,0,0.0
1.0,0.0,-0.020168067226890796,4.5,1.0999999999999943,0.04300000000000004,5.200000000000003,-2.200000000000003,2.0999999999999996,-3.5,3.900000000000002,1.2000000000000028,5.299999999999997,-5.100000000000001,4.0,0.20000000000000284,6.300000000000004,-5.099999999999998,1.2999999999999972,0.7000000000000002,-1,1,1.0
0.0,1.0,0.03125,-4.299999999999997,-6.099999999999994,0.03610000000000002,0.7000000000000028,-2.6999999999999957,0.6000000000000014,-1.4000000000000021,-1.4000000000000021,-3.6000000000000014,-0.10000000000000142,-2.5,0.6999999999999957,-3.1000000000000014,0.4000000000000057,-1.0999999999999979,0.09999999999999432,0.10000000000000003,-3,-1,0.0
2.0,5.0,0.10995670995670992,6.299999999999997,2.5,0.03949999999999998,2.0,0.7000000000000028,-5.699999999999999,-0.5,1.5,2.1000000000000014,-22.400000000000002,-13.799999999999997,0.29999999999999716,3.8999999999999986,4.0,-2.8999999999999986,3.700000000000003,2.2,-1,0,0.0
2.0,6.0,0.130718954248366,11.900000000000006,6.700000000000003,0.03869999999999996,12.0,2.6000000000000014,-0.5,-4.199999999999999,-9.900000000000002,-2.6000000000000014,-1.2999999999999972,-6.600000000000001,10.200000000000003,3.200000000000003,9.799999999999997,0.8000000000000007,-0.29999999999999716,1.8,-3,-1,0.0
-1.0,1.0,0.050802139037433136,3.299999999999997,3.200000000000003,-0.005599999999999938,-2.0,2.5,-1.6999999999999993,-1.1000000000000014,2.6999999999999957,-5.400000000000002,9.100000000000001,6.699999999999999,-3.0,3.0,0.20000000000000284,0.8999999999999986,-2.9000000000000057,0.7,-1,-1,0.0
0.0,2.0,0.05714285714285716,-4.299999999999997,-2.8999999999999915,-0.008000000000000007,-1.5999999999999943,-1.2000000000000028,-0.8999999999999986,-2.6000000000000014,-0.20000000000000284,1.0,-1.0,-8.100000000000001,-1.2999999999999972,-2.8999999999999986,-0.3999999999999986,1.3999999999999986,-7.8999999999999915,3.2,-3,0,1.0
-6.0,-6.0,-0.04195804195804198,2.200000000000003,0.09999999999999432,0.017199999999999993,1.7000000000000028,-0.6999999999999957,-1.2999999999999972,2.0,2.3999999999999986,3.5,1.0,-1.8999999999999986,1.8999999999999986,0.3999999999999986,1.0,-1.8000000000000043,-4.700000000000003,0.8999999999999999,-1,1,1.0
-1.0,-1.0,-0.0089126559714795,-1.2000000000000028,-0.5,-0.006700000000000039,-2.0,0.6000000000000014,-0.09999999999999787,5.0,6.299999999999997,5.4999999999999964,-4.100000000000001,3.1999999999999957,0.4000000000000057,3.200000000000003,-4.899999999999999,-3.200000000000003,3.5999999999999943,0.6999999999999997,-2,0,0.0
-2.0,4.0,0.15522875816993464,1.0999999999999943,-0.7999999999999972,0.025699999999999945,-0.19999999999999574,-3.0,-1.0999999999999996,-2.0999999999999996,3.1999999999999993,0.09999999999999787,1.7000000000000028,-5.699999999999999,1.8000000000000043,-4.699999999999996,-3.1999999999999957,-0.10000000000000142,-1.0,3.3000000000000003,-3,-1,1.0
-1.0,2.0,0.07777777777777783,-3.5,-0.7000000000000028,-0.01970000000000005,4.5,-2.1000000000000014,1.0999999999999979,-1.8000000000000007,-6.600000000000001,0.5,-3.0999999999999943,2.200000000000003,3.5,-2.200000000000003,3.8999999999999986,-0.8000000000000007,2.700000000000003,-0.09999999999999964,-1,-1,1.0
2.0,3.0,0.04935064935064937,2.1000000000000085,0.29999999999999716,0.025499999999999967,-5.0,0.20000000000000284,1.1999999999999993,-0.6999999999999993,15.100000000000001,0.0,0.8999999999999986,3.700000000000003,-1.8999999999999986,-2.3999999999999986,-6.299999999999997,2.6000000000000014,-0.5999999999999943,2.4000000000000004,-3,0,0.0
7.0,9.0,0.1189393939393939,9.299999999999997,3.299999999999997,0.05889999999999995,1.1000000000000014,0.7000000000000028,-0.3999999999999986,-2.8999999999999986,7.299999999999997,-3.5000000000000036,11.5,-8.600000000000001,1.7000000000000028,-1.0,0.10000000000000142,2.900000000000002,1.1000000000000085,3.4,-1,0,0.0
0.0,2.0,0.05882352941176472,4.299999999999997,-0.5,0.06420000000000003,2.8999999999999986,0.0,0.8000000000000007,2.299999999999997,-2.6999999999999957,3.299999999999997,-3.8000000000000043,11.0,1.7999999999999972,1.1999999999999957,2.0,-1.3000000000000043,-3.700000000000003,2.0,-3,1,0.0
1.0,7.0,0.1823529411764706,-2.0,-1.5,-0.00029999999999996696,2.8000000000000043,-1.6999999999999957,2.6999999999999993,-2.6000000000000014,2.6000000000000014,-2.5,-8.5,-2.3999999999999986,2.3000000000000043,-1.7000000000000028,2.6000000000000014,-0.9000000000000021,-2.700000000000003,2.6,-1,-1,0.0
6.0,6.0,0.05594405594405594,8.700000000000003,0.0,0.08450000000000002,4.700000000000003,0.5,-1.6999999999999993,-0.1999999999999993,1.2999999999999972,-1.5,-15.0,4.700000000000003,3.5999999999999943,0.5999999999999943,4.299999999999997,0.3000000000000007,-0.8999999999999986,1.4,-3,0,0.0
3.0,0.0,-0.05555555555555547,6.299999999999997,4.0,0.02069999999999994,-1.0,0.8999999999999986,-4.199999999999999,-4.200000000000001,0.0,-2.6999999999999993,1.7999999999999972,5.300000000000004,-2.8000000000000043,-0.29999999999999716,1.7000000000000028,2.1000000000000014,-5.3999999999999915,0.6000000000000001,-1,0,0.0
3.0,-1.0,-0.09487666034155595,-4.299999999999997,-10.200000000000003,0.0776,-7.299999999999997,-3.6999999999999957,3.0000000000000018,1.8999999999999986,6.0,-0.09999999999999787,9.5,-5.5,-5.800000000000004,-7.699999999999996,-5.400000000000006,2.6000000000000014,-2.6000000000000085,0.40000000000000013,-3,1,0.0
3.0,6.0,0.11785714285714288,-7.5,-7.200000000000003,0.012199999999999989,-2.6999999999999957,-2.8999999999999986,2.900000000000002,1.6000000000000014,8.100000000000001,-5.699999999999999,0.5,-7.599999999999998,-2.3000000000000043,-2.6000000000000014,-2.5,-2.0,-5.799999999999997,-0.9999999999999998,-1,-1,0.0
0.0,9.0,0.2647058823529411,-5.200000000000003,-11.5,0.08039999999999992,-4.100000000000001,-4.5,-2.1999999999999993,5.4,-0.7999999999999972,-4.100000000000001,3.5,3.8000000000000043,-1.3000000000000043,-8.299999999999997,-5.200000000000003,2.799999999999997,-4.600000000000001,4.5,-3,-1,0.0
0.0,2.0,0.05882352941176472,-4.0,-1.6000000000000085,-0.02739999999999998,-0.7999999999999972,-1.2999999999999972,1.1000000000000014,2.299999999999997,0.7999999999999972,1.3999999999999986,-4.600000000000001,-12.299999999999997,-1.2999999999999972,-0.09999999999999432,0.19999999999999574,-3.200000000000003,-4.700000000000003,-2.3,-1,-1,0.0
1.0,2.0,0.03650793650793649,-5.5,0.9000000000000057,-0.07309999999999994,-5.5,3.1000000000000014,-1.3000000000000007,1.8999999999999986,-1.6999999999999993,-1.3999999999999986,2.5999999999999943,9.999999999999996,-6.700000000000003,3.0999999999999943,-2.700000000000003,2.299999999999997,0.9000000000000057,0.5,-3,-1,1.0
4.0,8.0,0.1658986175115208,3.5999999999999943,3.6999999999999886,-0.009000000000000008,2.0999999999999943,1.5,-1.6000000000000014,-4.400000000000002,3.3000000000000007,-1.1000000000000014,-9.899999999999999,-6.700000000000003,1.5999999999999943,3.0,2.299999999999997,-1.1999999999999957,2.9000000000000057,2.8,-1,0,0.0
3.0,2.0,0.0035714285714285587,-5.1000000000000085,-3.4000000000000057,-0.015000000000000013,-2.6000000000000014,-1.8999999999999986,-0.3999999999999986,1.7000000000000028,-3.799999999999997,0.1999999999999993,1.8999999999999986,1.2000000000000028,-3.799999999999997,-3.6000000000000014,-0.10000000000000142,2.0,-2.200000000000003,-1.4,-3,0,0.0
-1.0,-3.0,-0.06806722689075628,5.0,3.299999999999997,0.015900000000000025,4.200000000000003,-2.0,0.5,-3.900000000000002,1.7000000000000028,1.3000000000000007,-2.1999999999999957,0.3000000000000007,1.3999999999999986,-3.1999999999999957,6.600000000000001,0.20000000000000284,2.799999999999997,-3.1999999999999997,-1,0,1.0
0.0,1.0,0.030303030303030276,8.100000000000009,-1.6000000000000085,0.15349999999999997,4.299999999999997,1.6000000000000014,1.0,2.6000000000000014,2.799999999999997,1.6000000000000014,6.399999999999999,-3.6999999999999993,3.8000000000000043,2.4000000000000057,3.6999999999999957,0.10000000000000142,3.299999999999997,2.1,-3,1,0.0
-3.0,-4.0,-0.058080808080808066,-2.700000000000003,1.7999999999999972,-0.06599999999999995,-3.1000000000000014,2.299999999999997,2.5,-2.799999999999999,6.199999999999996,-4.300000000000001,10.899999999999999,0.30000000000000426,-6.0,2.299999999999997,2.1000000000000014,2.6999999999999957,3.0,-0.5,-1,1,1.0
-4.0,2.0,0.13595413595413597,-6.400000000000006,-1.0,-0.06730000000000003,1.6000000000000014,-0.3999999999999986,0.5,-2.3999999999999986,-4.800000000000001,-11.099999999999998,5.399999999999999,4.799999999999997,4.299999999999997,-4.399999999999999,-1.6000000000000014,4.199999999999999,3.0,2.6999999999999997,-3,-1,1.0
-1.0,-3.0,-0.07291666666666663,-5.1000000000000085,0.30000000000001137,-0.06720000000000004,-2.6000000000000014,-0.10000000000000142,3.3000000000000007,0.3999999999999986,-0.9000000000000021,4.799999999999997,2.9000000000000057,-2.8999999999999986,-0.6999999999999957,-1.8999999999999986,-4.699999999999996,1.8000000000000043,-2.0,-0.7,-1,0,1.0
-5.0,-7.0,-0.1137992831541218,-2.1999999999999886,3.8999999999999915,-0.09309999999999996,-1.2000000000000028,0.29999999999999716,0.3000000000000007,-1.8999999999999986,-4.200000000000003,4.5000000000000036,4.599999999999994,2.5,-3.200000000000003,1.3999999999999986,2.1999999999999957,-1.3000000000000043,-2.299999999999997,0.4,-3,1,1.0
3.0,6.0,0.11111111111111116,4.200000000000003,4.099999999999994,-0.006000000000000005,1.9000000000000057,2.5,-2.0,-4.199999999999999,-8.400000000000002,-4.800000000000001,4.199999999999996,-2.0,4.599999999999994,7.900000000000006,-2.0999999999999943,-4.600000000000001,4.900000000000006,3.1,-1,0,0.0
4.0,7.0,0.1284722222222222,-13.099999999999994,-12.799999999999997,0.020199999999999996,-10.200000000000003,-6.700000000000003,1.0999999999999979,6.0,6.899999999999999,2.400000000000002,9.200000000000003,8.799999999999997,-6.800000000000004,-5.200000000000003,-9.5,-6.199999999999996,-1.9000000000000057,1.1,-3,0,0.0
4.0,5.0,0.06306306306306309,-3.9000000000000057,-10.5,0.08540000000000003,-4.799999999999997,-3.5,-0.1999999999999993,3.0,12.5,-4.600000000000001,-8.0,0.6999999999999993,-3.5,-5.899999999999999,-4.399999999999999,1.3000000000000043,-5.599999999999994,1.7999999999999998,-1,0,0.0
-4.0,-7.0,-0.11152073732718892,-5.6000000000000085,4.799999999999997,-0.10699999999999998,-0.6000000000000014,3.9000000000000057,0.6999999999999993,1.5999999999999979,-8.600000000000001,3.1999999999999993,3.0,0.10000000000000142,0.29999999999999716,5.200000000000003,-1.8000000000000043,1.0999999999999979,-0.4000000000000057,-2.5999999999999996,-3,0,1.0
3.0,5.0,0.08585858585858586,6.0,4.200000000000003,0.016100000000000003,1.5,-1.2000000000000028,-2.8999999999999986,1.0,-3.8000000000000043,8.800000000000004,0.5,3.0,0.3999999999999986,-1.2999999999999972,2.700000000000003,-0.8999999999999986,2.0999999999999943,1.1999999999999997,-1,0,0.0
6.0,6.0,0.05921052631578949,-3.5,-4.700000000000003,0.014499999999999957,3.0,-1.3000000000000043,-4.0,-0.8000000000000007,-13.599999999999998,-1.8999999999999986,-7.299999999999997,-18.2,5.899999999999999,-2.3999999999999986,-1.7999999999999972,1.3999999999999986,-8.900000000000006,0.5,-3,0,0.0
-2.0,1.0,0.06493506493506496,-0.7999999999999972,-1.8000000000000114,0.01429999999999998,-3.0,0.8999999999999986,-1.0,2.4000000000000004,4.199999999999999,0.8999999999999986,0.7999999999999972,-6.0000000000000036,-3.1000000000000014,2.5,-1.6999999999999957,-1.6000000000000014,-3.5,2.5,-1,0,1.0
-1.0,3.0,0.11008403361344532,9.900000000000006,-2.1000000000000085,0.13460000000000005,6.799999999999997,-2.200000000000003,-0.3000000000000007,-5.699999999999999,1.8000000000000007,-5.600000000000001,-8.599999999999998,-14.299999999999997,5.399999999999999,-0.6000000000000014,6.299999999999997,-3.799999999999997,-8.899999999999991,2.5999999999999996,-3,0,0.0
1.0,5.0,0.12380952380952381,-1.2999999999999972,1.4000000000000057,-0.033399999999999985,-2.3999999999999986,-2.0,-2.1999999999999993,1.7999999999999972,6.0,3.6000000000000014,-4.299999999999997,5.400000000000002,0.6999999999999957,-2.799999999999997,-3.3999999999999986,-0.5,-0.09999999999999432,1.9,-1,0,0.0
0.0,2.0,0.05714285714285716,0.6000000000000085,5.1000000000000085,-0.058499999999999996,-0.20000000000000284,-1.5,-0.5999999999999996,-0.10000000000000142,1.1999999999999993,7.099999999999998,11.299999999999997,5.5,-3.0999999999999943,-1.2999999999999972,3.799999999999997,-1.5999999999999943,2.0,1.0999999999999999,-3,0,1.0
-3.0,1.0,0.08080808080808077,7.299999999999997,3.299999999999997,0.05049999999999999,5.800000000000004,2.6000000000000014,-3.3000000000000007,-0.09999999999999787,-5.5,-1.5,-5.399999999999999,-7.100000000000001,3.799999999999997,2.3000000000000043,6.199999999999996,1.9000000000000057,0.29999999999999716,2.4000000000000004,-1,0,1.0
3.0,10.0,0.22496025437201905,9.600000000000009,8.799999999999997,-0.008500000000000063,4.799999999999997,1.1000000000000014,-3.5,0.0,-2.6999999999999993,0.1999999999999993,3.299999999999997,3.900000000000002,0.8999999999999986,3.200000000000003,7.200000000000003,-1.5000000000000036,4.1000000000000085,1.1,-3,-1,0.0
-5.0,-4.0,-0.019425675675675658,6.6000000000000085,3.700000000000003,0.0252,4.799999999999997,1.0,-1.5999999999999996,-5.800000000000001,-3.3999999999999986,-7.299999999999997,-7.299999999999997,-11.999999999999996,5.300000000000004,1.1000000000000014,3.1000000000000014,0.6000000000000014,5.799999999999997,-0.5,-1,0,1.0
2.0,8.0,0.20220588235294112,-4.8999999999999915,-2.200000000000003,-0.03620000000000001,-2.3999999999999986,-0.6000000000000014,-2.0,5.800000000000001,2.6000000000000014,-1.8000000000000007,-3.1000000000000014,15.0,-2.8999999999999986,1.5,-0.6999999999999957,-3.0,-7.1000000000000085,0.5,-3,-1,0.0
1.0,1.0,0.010695187165775444,2.200000000000003,-3.0999999999999943,0.06920000000000004,-0.5,-1.3000000000000043,1.0,-2.6999999999999993,0.8999999999999986,-3.6000000000000014,1.0,-3.900000000000002,-0.10000000000000142,-3.6000000000000014,-0.7000000000000028,2.1999999999999957,-2.0999999999999943,1.6,-1,0,0.0
0.0,1.0,0.02857142857142858,2.799999999999997,-1.2000000000000028,0.06130000000000002,1.7999999999999972,-3.3999999999999986,1.8000000000000007,-3.6999999999999993,5.0,-1.6999999999999993,-6.600000000000001,-4.199999999999999,3.0,-5.799999999999997,-0.30000000000000426,0.3999999999999986,2.0,0.0,-3,0,0.0
-3.0,-3.0,-0.03214285714285714,-2.200000000000003,-0.4000000000000057,-0.021100000000000008,0.8999999999999986,-1.6999999999999957,3.0,-3.3999999999999986,-1.9999999999999964,-1.9000000000000021,1.2999999999999972,-2.099999999999998,-3.3000000000000043,0.0,4.0,-2.799999999999997,-5.700000000000003,-0.5,-1,0,1.0
-2.0,-2.0,-0.022875816993464082,2.5,-3.200000000000003,0.07389999999999997,2.6999999999999957,-2.799999999999997,0.3999999999999986,-0.7999999999999972,-2.299999999999997,-2.5,-6.700000000000003,3.8000000000000007,2.1000000000000014,-2.700000000000003,2.5000000000000036,-2.0,-0.20000000000000284,-0.40000000000000036,-3,0,1.0
0.0,1.0,0.030303030303030276,-8.100000000000009,-5.700000000000003,-0.01419999999999999,-2.799999999999997,-1.8999999999999986,2.3999999999999986,5.399999999999999,1.5,1.0,-9.599999999999994,7.400000000000002,1.1000000000000014,-0.7000000000000028,-6.0,-2.8000000000000007,3.299999999999997,-0.8999999999999999,-1,0,1.0
0.0,5.0,0.1428571428571429,-3.799999999999997,-6.799999999999997,0.04859999999999998,-3.700000000000003,-2.8999999999999986,-1.1999999999999993,2.5,7.599999999999998,-0.09999999999999787,-4.699999999999996,1.6999999999999993,-3.799999999999997,-8.399999999999999,-1.8999999999999986,3.1000000000000014,-5.900000000000006,2.5999999999999996,-3,-1,1.0
-1.0,0.0,0.017825311942959,2.799999999999997,4.800000000000011,-0.03469999999999995,2.700000000000003,3.5,1.1999999999999993,3.3000000000000007,4.399999999999999,1.5,-0.40000000000000213,10.399999999999999,3.0,2.4000000000000057,1.1999999999999957,4.100000000000001,-0.5999999999999943,-1.6,-1,0,1.0
-2.0,10.0,0.3492647058823529,8.5,0.19999999999998863,0.11429999999999996,7.600000000000001,0.29999999999999716,-1.3999999999999986,-0.6999999999999993,2.3000000000000007,-4.0,-6.699999999999999,-0.9999999999999964,3.299999999999997,1.8999999999999986,9.0,-1.3999999999999986,-3.3000000000000114,4.4,-3,-1,0.0
-2.0,1.0,0.07352941176470584,5.700000000000003,3.700000000000003,0.0232,1.7999999999999972,-1.0,-1.6000000000000014,-6.899999999999999,2.8999999999999986,-12.599999999999998,2.0,0.29999999999999716,2.3000000000000043,-3.799999999999997,0.7000000000000028,1.8999999999999986,2.299999999999997,-1.1,-1,-1,1.0
-2.0,9.0,0.2973856209150326,2.200000000000003,4.300000000000011,-0.03290000000000004,3.9000000000000057,-0.3999999999999986,-3.299999999999999,-3.1999999999999993,-3.400000000000002,-7.300000000000004,10.899999999999999,-5.600000000000001,5.399999999999999,-2.200000000000003,1.3000000000000043,1.6000000000000014,6.5,3.0999999999999996,-3,-1,1.0
0.0,0.0,0.0,-4.099999999999994,-5.0,0.022199999999999998,-1.6000000000000014,-1.0,-1.1999999999999993,4.5,-7.699999999999999,4.0,4.5,-2.200000000000003,-1.9000000000000057,-0.6000000000000014,-0.8000000000000043,-1.6000000000000014,0.7000000000000028,-0.5,-1,0,1.0
-6.0,-1.0,0.11038961038961037,4.599999999999994,-0.20000000000000284,0.045299999999999896,-3.1000000000000014,-2.299999999999997,0.8000000000000007,2.700000000000003,16.0,5.0,-3.0,11.299999999999997,-3.799999999999997,-0.7999999999999972,-1.2999999999999972,-2.6999999999999957,0.29999999999999716,1.9000000000000001,-3,0,1.0
7.0,2.0,-0.13333333333333341,8.200000000000003,6.8999999999999915,0.00040000000000006697,2.299999999999997,3.0,-0.7999999999999972,-1.1000000000000014,-2.1000000000000014,4.399999999999999,6.099999999999998,0.8000000000000007,3.700000000000003,6.199999999999996,-0.3999999999999986,-0.6000000000000014,5.700000000000003,0.2999999999999998,-1,1,0.0
2.0,-1.0,-0.10559006211180122,1.2999999999999972,-1.0999999999999943,0.032200000000000006,0.0,-0.8999999999999986,3.3999999999999986,2.8999999999999986,2.3000000000000007,7.199999999999999,0.5999999999999943,3.8999999999999986,0.19999999999999574,0.7999999999999972,0.0,-2.3999999999999986,2.0999999999999943,0.4999999999999999,-3,0,0.0
-1.0,1.0,0.05665024630541882,-2.5,1.1999999999999886,-0.03859999999999997,-0.8999999999999986,0.8000000000000043,7.0,1.5,17.500000000000004,1.1999999999999993,8.0,-1.3999999999999986,2.6000000000000014,-0.30000000000000426,-4.300000000000001,1.3999999999999986,6.799999999999997,0.09999999999999964,-1,0,1.0
-3.0,1.0,0.11872909698996659,-0.7999999999999972,0.0,-0.009599999999999942,0.19999999999999574,1.0,3.1000000000000014,2.700000000000003,-0.7999999999999972,-2.5,-4.099999999999998,-3.6000000000000014,-2.6999999999999957,0.10000000000000142,3.5,1.6000000000000014,-3.3999999999999915,1.0,-3,0,1.0
1.0,7.0,0.2430769230769232,-4.5,-6.5,0.03159999999999996,2.3999999999999986,-5.5,2.5999999999999996,-1.0999999999999979,1.1999999999999993,-8.7,1.6999999999999993,-6.5,3.200000000000003,-5.200000000000003,0.8000000000000043,-4.200000000000003,-3.8000000000000043,-0.19999999999999996,-1,-1,0.0
0.0,1.0,0.03846153846153855,8.5,8.5,-0.019000000000000128,3.5,4.300000000000004,-3.8000000000000007,-3.1999999999999993,0.0,-4.100000000000001,-7.199999999999999,-8.299999999999997,1.1999999999999957,4.0,5.0,3.1000000000000014,-2.799999999999997,1.7,-3,1,0.0
0.0,-1.0,-0.040000000000000036,-0.29999999999999716,-0.5,0.0042999999999999705,-0.10000000000000142,0.3999999999999986,-3.099999999999998,0.3000000000000007,-1.3000000000000007,-1.6999999999999993,-8.399999999999999,-13.599999999999998,-1.8000000000000043,-2.0,1.7999999999999972,2.6999999999999957,-1.0,-1.8,-1,0,0.0
-3.0,6.0,0.2844827586206895,-0.8000000000000114,2.799999999999997,-0.05049999999999999,-0.20000000000000284,1.1000000000000014,-1.0,2.5,5.199999999999999,1.5999999999999979,2.700000000000003,-7.600000000000001,-0.3999999999999986,1.6000000000000014,0.0,1.2000000000000028,-2.9000000000000057,1.5,-3,0,0.0
2.0,5.0,0.11436950146627567,3.5,0.6000000000000085,0.038900000000000046,-0.5,3.0999999999999943,-0.8000000000000007,-5.000000000000002,8.0,-10.599999999999998,2.8000000000000007,-8.2,-2.1999999999999957,2.0999999999999943,1.5,3.1999999999999993,-0.9000000000000057,3.1999999999999997,-1,0,0.0
-1.0,-6.0,-0.17311827956989245,8.099999999999994,6.099999999999994,0.012599999999999945,-1.5,0.8999999999999986,-1.6999999999999993,-4.599999999999998,3.6999999999999993,4.700000000000003,1.6000000000000014,0.8000000000000007,-1.7999999999999972,-0.6999999999999957,-0.7000000000000028,2.5,0.5999999999999943,-0.30000000000000004,-3,1,0.0
-2.0,1.0,0.07499999999999996,-1.1000000000000085,0.29999999999999716,-0.020499999999999963,-1.2999999999999972,-2.3000000000000043,-4.100000000000001,0.10000000000000142,-5.099999999999994,3.0,-0.3999999999999986,1.1000000000000014,-4.299999999999997,-3.1000000000000014,2.9999999999999964,-0.5,1.7000000000000028,-0.5,-1,0,1.0
0.0,3.0,0.09090909090909083,-5.0,-4.0,-0.006500000000000061,-3.1000000000000014,-8.699999999999996,3.5,-5.600000000000001,10.399999999999999,-3.1000000000000014,2.0,1.6999999999999993,-4.799999999999997,-12.299999999999997,0.10000000000000142,-1.5,-1.4000000000000057,2.1999999999999997,-3,0,1.0
-2.0,1.0,0.07526881720430112,-1.5,-5.400000000000006,0.07019999999999993,-2.1000000000000014,-0.8999999999999986,-1.1999999999999993,6.199999999999999,1.0,-1.3999999999999986,5.300000000000001,10.3,-7.299999999999997,-0.3999999999999986,5.099999999999998,-1.3000000000000007,-1.5999999999999943,1.1,-1,-1,1.0
2.0,-5.0,-0.1966911764705882,-5.099999999999994,-5.799999999999997,0.022299999999999986,-3.6000000000000014,-1.8999999999999986,4.399999999999999,-1.5999999999999979,7.099999999999998,4.800000000000001,-2.5,0.3000000000000007,-4.5,-0.5,-0.6000000000000014,-2.599999999999998,3.0999999999999943,1.0,-3,1,0.0
3.0,6.0,0.11818181818181828,-3.299999999999997,-0.4000000000000057,-0.03070000000000006,-1.6999999999999957,1.8000000000000043,-4.399999999999999,-1.0,-7.100000000000001,-9.0,-3.5999999999999943,-7.099999999999998,-1.0,2.8999999999999986,-2.299999999999997,0.3999999999999986,-6.0,2.2,-1,0,1.0
-1.0,-3.0,-0.07459677419354838,0.4000000000000057,-1.5,0.02839999999999998,0.30000000000000426,2.8999999999999986,-1.7000000000000028,-3.400000000000002,-1.6000000000000014,-7.800000000000001,-7.9999999999999964,-1.1999999999999993,-3.3999999999999986,6.200000000000003,5.0,-1.8999999999999986,-3.200000000000003,0.2999999999999998,-3,0,0.0
0.0,-7.0,-0.22580645161290325,1.6000000000000085,-0.8999999999999915,0.032399999999999984,-2.0,1.5,2.099999999999998,2.700000000000003,1.0,6.899999999999999,6.399999999999999,8.100000000000001,-0.7999999999999972,3.3000000000000043,-2.8999999999999986,-1.2000000000000028,3.3000000000000114,-0.2999999999999998,-1,0,1.0
1.0,-1.0,-0.056451612903225756,1.0,5.799999999999997,-0.07140000000000002,-0.6999999999999957,3.8000000000000043,-1.1999999999999993,8.3,-0.40000000000000213,12.7,-5.5,6.100000000000001,2.5,5.199999999999996,-3.200000000000003,0.5,0.7000000000000028,0.5,-3,1,0.0
-1.0,2.0,0.0804924242424242,-3.8999999999999915,-1.2000000000000028,-0.027200000000000002,-0.20000000000000284,-3.1000000000000014,-2.1999999999999993,-2.3999999999999986,-3.700000000000003,-2.1999999999999993,-5.600000000000001,-11.100000000000001,1.5,-3.1000000000000014,-1.8999999999999986,-2.1000000000000014,-3.799999999999997,-0.5999999999999999,-1,0,0.0
-1.0,3.0,0.11693548387096775,-2.6000000000000085,-8.0,0.0777000000000001,-7.0,-2.5,4.699999999999999,7.5,17.9,5.300000000000001,26.9,9.599999999999998,-4.600000000000001,-2.1999999999999957,-6.399999999999999,-2.1999999999999957,1.7999999999999972,2.7,-3,0,1.0
0.0,-1.0,-0.03125,7.599999999999994,9.799999999999997,-0.04569999999999996,2.299999999999997,7.699999999999996,-4.000000000000002,-0.8000000000000007,-1.0999999999999943,-4.399999999999999,-2.8999999999999986,-15.700000000000003,1.1000000000000014,5.700000000000003,2.8999999999999986,7.800000000000001,1.9000000000000057,-1.2,-1,0,1.0
0.0,-3.0,-0.09677419354838712,-1.5999999999999943,-0.5999999999999943,-0.011800000000000033,-4.600000000000001,1.1999999999999957,-1.700000000000001,4.099999999999998,1.4000000000000021,3.5,-0.7999999999999972,4.100000000000001,-3.8999999999999986,-1.1000000000000014,-3.8000000000000043,2.8999999999999986,-1.5,-1.2000000000000002,-3,1,0.0
0.0,0.0,0.0,2.6999999999999886,-2.6999999999999886,0.07189999999999996,0.6000000000000014,-0.19999999999999574,0.1999999999999993,1.6999999999999993,-1.5999999999999979,0.8000000000000007,5.100000000000001,9.199999999999996,-1.3999999999999986,1.5,1.1000000000000014,-2.700000000000003,0.0,0.7000000000000001,-1,0,0.0
-2.0,-5.0,-0.10654936461388076,-1.9000000000000057,-2.299999999999997,0.010800000000000032,-2.799999999999997,-3.799999999999997,1.799999999999999,-1.5999999999999979,8.400000000000002,3.0,-0.10000000000000142,1.7999999999999972,-2.8000000000000043,-5.5,-2.0,-0.5,-2.8000000000000114,0.10000000000000009,-3,1,0.0
0.0,3.0,0.09677419354838712,0.0,3.3999999999999915,-0.050999999999999934,1.7000000000000028,-1.7999999999999972,2.3999999999999986,-2.1000000000000014,8.200000000000003,1.3999999999999986,3.6999999999999993,-12.5,5.5,-0.6000000000000014,-3.3999999999999986,-2.6000000000000014,4.0,0.09999999999999987,-1,-1,1.0
0.0,-1.0,-0.032258064516129115,2.0,0.30000000000001137,0.017100000000000004,-4.199999999999996,-1.1999999999999957,-2.1000000000000014,-0.7000000000000011,5.700000000000003,5.899999999999999,1.0,5.199999999999999,-2.1000000000000014,-1.2000000000000028,-6.100000000000001,-0.7999999999999972,3.0999999999999943,0.5,-3,0,1.0
0.0,4.0,0.12903225806451613,1.1999999999999886,-2.799999999999997,0.05740000000000001,7.799999999999997,-3.299999999999997,1.6000000000000014,-0.29999999999999716,-14.0,1.8000000000000007,-4.899999999999999,-2.299999999999997,5.299999999999997,-4.100000000000001,7.900000000000002,-1.4999999999999964,3.299999999999997,2.47,-1,0,1.0
2.0,-2.0,-0.11345939933259175,5.099999999999994,0.3999999999999915,0.05149999999999999,-1.2000000000000028,-0.3999999999999986,2.1000000000000014,1.8000000000000007,7.899999999999999,3.0,-2.799999999999997,2.9999999999999964,-4.399999999999999,-0.8000000000000043,2.700000000000003,0.4000000000000057,1.1000000000000085,0.3999999999999999,-3,1,0.0
-2.0,6.0,0.2513904338153504,-1.7000000000000028,1.0999999999999943,-0.04039999999999999,1.8000000000000043,-0.8999999999999986,-1.6000000000000014,-4.099999999999998,-6.5,-3.6999999999999993,3.4000000000000057,-5.399999999999999,5.399999999999999,2.200000000000003,-3.8999999999999986,-4.0,-1.3999999999999915,2.9,-1,-1,0.0
-1.0,-2.0,-0.03870967741935483,3.299999999999997,3.0,-0.0031999999999999806,3.9000000000000057,-0.10000000000000142,1.1999999999999993,-1.9000000000000004,0.0,1.8000000000000007,-8.5,-11.8,1.7000000000000028,-0.5999999999999943,4.100000000000001,0.5,-2.700000000000003,0.0,-3,0,0.0
0.0,1.0,0.032258064516129004,-0.20000000000000284,3.0999999999999943,-0.04290000000000005,0.29999999999999716,0.19999999999999574,4.100000000000001,-1.0,6.199999999999996,-1.1999999999999993,6.899999999999999,0.40000000000000213,2.8999999999999986,3.6000000000000014,-2.8999999999999986,-3.200000000000003,2.0,0.18,-1,0,1.0
1.0,8.0,0.2234848484848485,-3.5999999999999943,-8.400000000000006,0.059799999999999964,-0.8000000000000043,-6.699999999999996,0.40000000000000036,-3.3999999999999986,8.299999999999997,-4.800000000000001,-2.6000000000000014,-14.0,-1.8000000000000043,-5.700000000000003,0.10000000000000142,-5.699999999999999,-7.799999999999997,2.7,-3,-1,0.0
0.0,2.0,0.06060606060606055,-2.200000000000003,-0.5,-0.014000000000000012,0.20000000000000284,0.6999999999999957,-1.0000000000000018,0.1999999999999993,-1.5,-1.6999999999999993,0.6000000000000014,1.8999999999999986,4.0,0.30000000000000426,-3.3000000000000043,0.7000000000000028,3.4000000000000057,1.0,-1,0,1.0
0.0,-3.0,-0.09090909090909083,5.0,1.5999999999999943,0.03079999999999994,1.2000000000000028,0.6999999999999957,-2.0999999999999996,1.0,-1.3999999999999986,5.399999999999999,-11.699999999999996,-4.800000000000001,4.299999999999997,3.0999999999999943,-1.6000000000000014,-1.9999999999999964,-5.3999999999999915,0.8000000000000003,-3,1,1.0
0.0,3.0,0.08823529411764697,1.0,-3.5,0.04359999999999997,-2.3999999999999986,2.200000000000003,-1.6000000000000014,6.900000000000002,5.300000000000004,0.0,6.0,9.900000000000002,-3.5,2.5,-0.8999999999999986,1.0,1.7000000000000028,2.4,-1,0,1.0
-1.0,-4.0,-0.10037878787878785,-4.599999999999994,-9.900000000000006,0.06789999999999996,-3.0,-1.2999999999999972,-0.09999999999999964,2.6000000000000014,-1.8000000000000043,-1.1000000000000014,-4.700000000000003,-1.6000000000000014,-4.600000000000001,-1.3999999999999986,-0.5999999999999943,-0.5999999999999943,-2.5999999999999943,1.0,-3,1,0.0
1.0,5.0,0.13257575757575757,7.3999999999999915,0.6000000000000085,0.044299999999999895,3.200000000000003,0.29999999999999716,-5.600000000000001,0.1999999999999993,-3.3999999999999986,-5.400000000000002,-8.899999999999999,-1.7999999999999972,4.0,1.3000000000000043,0.8999999999999986,-0.6999999999999993,3.6999999999999886,0.6000000000000001,-1,-1,0.0
0.0,1.0,0.030303030303030276,4.199999999999989,-2.5,0.06609999999999994,0.3999999999999986,-2.0999999999999943,0.1999999999999993,-1.9000000000000004,2.799999999999997,-0.8000000000000007,-11.2,-1.3999999999999986,-1.0,-2.3999999999999986,1.9000000000000057,-1.0,-1.0,2.8999999999999995,-3,0,1.0
0.0,3.0,0.09090909090909094,3.8999999999999915,1.0999999999999943,0.027900000000000036,0.6000000000000014,-2.8000000000000043,-0.1999999999999993,-2.6000000000000014,9.100000000000001,-4.300000000000001,-9.0,4.200000000000003,2.6999999999999957,-8.899999999999999,-1.6000000000000014,4.600000000000001,-4.6000000000000085,0.10000000000000009,-1,0,0.0
0.0,0.0,0.0,3.799999999999997,0.20000000000000284,0.03959999999999997,-1.1000000000000014,-0.5,0.6999999999999993,2.1000000000000014,2.5,6.800000000000001,2.5,-4.400000000000002,1.3999999999999986,-0.3999999999999986,-4.699999999999996,-0.9000000000000057,-0.10000000000000853,-0.20000000000000018,-3,1,0.0
2.0,3.0,0.03947368421052633,7.700000000000003,1.6000000000000085,0.03270000000000006,3.3000000000000043,-1.8999999999999986,-2.299999999999999,-9.8,-4.100000000000001,-5.300000000000004,-1.4000000000000021,-17.599999999999998,2.8999999999999986,-2.5,2.799999999999997,-0.29999999999999716,-3.299999999999997,3.6,-1,1,0.0
-1.0,-5.0,-0.11825396825396828,5.300000000000011,-2.4000000000000057,0.07200000000000006,-1.7999999999999972,-1.0,0.10000000000000142,-2.900000000000002,0.5,-3.5,-0.6000000000000014,-2.5,-0.7000000000000028,0.5,-3.1000000000000014,-2.8999999999999986,-4.8999999999999915,2.2,-3,1,1.0
4.0,5.0,0.049959049959049984,13.899999999999991,-2.8000000000000114,0.12329999999999997,3.8999999999999986,-0.5,-3.3000000000000007,4.0,8.3,3.700000000000003,0.9000000000000057,2.799999999999997,2.200000000000003,-0.10000000000000142,5.099999999999998,-1.0,1.2999999999999972,1.5,-1,0,1.0
-1.0,3.0,0.10476190476190483,6.0,2.4000000000000057,0.025900000000000034,7.600000000000001,-0.20000000000000284,-2.8000000000000007,-1.0,-12.400000000000002,-4.199999999999999,-10.899999999999999,0.7000000000000028,8.0,0.6000000000000014,3.3999999999999986,-1.3999999999999986,2.500000000000007,2.4999999999999996,-3,0,0.0
1.0,-4.0,-0.13571428571428568,-6.0,-5.599999999999994,0.006200000000000094,-8.199999999999996,-1.6000000000000014,-0.6000000000000014,2.1000000000000014,7.700000000000003,3.900000000000002,-1.0999999999999943,6.299999999999997,-4.899999999999999,-0.7000000000000028,-9.099999999999998,-1.8000000000000007,7.099999999999994,0.5,-1,1,0.0
-1.0,-3.0,-0.06862745098039225,-2.3000000000000114,4.799999999999997,-0.05680000000000007,-3.9000000000000057,4.100000000000001,1.0,1.8999999999999986,2.9999999999999964,2.6000000000000014,0.5,9.800000000000004,-1.7999999999999972,1.7000000000000028,-4.800000000000004,5.0000000000000036,3.1999999999999957,0.0,-1,0,1.0
4.0,9.0,0.16563467492260053,16.799999999999997,10.0,0.02860000000000007,9.899999999999999,1.1999999999999957,-2.5,-2.1999999999999993,-6.800000000000004,6.900000000000002,-4.099999999999994,-9.299999999999997,11.900000000000006,0.29999999999999716,3.3999999999999986,1.9000000000000021,0.0,5.1,-3,0,0.0
0.0,3.0,0.08571428571428574,-0.09999999999999432,0.7000000000000028,-0.011399999999999966,5.100000000000001,-7.200000000000003,0.1999999999999993,-10.8,-11.200000000000003,-0.6000000000000014,4.100000000000001,-27.4,2.5,-7.699999999999996,6.0,-4.699999999999999,-4.099999999999994,2.8000000000000007,-1,0,1.0
2.0,-1.0,-0.06578947368421051,6.3999999999999915,-3.5,0.08109999999999995,1.6000000000000014,-2.8999999999999986,1.3000000000000007,-4.600000000000001,4.299999999999997,-3.400000000000002,-2.0999999999999943,-1.0,2.1000000000000014,-0.6000000000000014,0.8999999999999986,-5.200000000000003,0.0,2.6,-1,0,1.0
1.0,0.0,-0.021428571428571463,1.9000000000000057,-3.3000000000000114,0.03490000000000004,-5.200000000000003,-5.299999999999997,-3.400000000000002,-0.8999999999999986,0.29999999999999716,2.6999999999999993,3.8999999999999986,10.599999999999998,-3.200000000000003,-6.299999999999997,-5.0,-1.6999999999999957,-1.2999999999999972,1.7999999999999998,-1,0,1.0
2.0,4.0,0.07352941176470584,4.799999999999997,2.0,0.00990000000000002,-0.7999999999999972,-0.30000000000000426,1.299999999999999,0.3000000000000007,3.8000000000000007,5.0,14.200000000000003,0.20000000000000284,0.5999999999999943,0.6000000000000014,-2.6000000000000014,-1.1999999999999993,9.900000000000006,1.4000000000000004,-1,0,0.0
0.0,1.0,0.02777777777777779,7.599999999999994,7.5,-0.011700000000000044,7.799999999999997,3.5,-0.20000000000000107,-4.399999999999999,-6.399999999999999,-0.7999999999999972,-5.699999999999999,-3.700000000000003,7.0,3.8999999999999986,6.100000000000001,2.1000000000000014,9.199999999999989,1.0,-3,1,0.0
0.0,3.0,0.08571428571428574,-3.4000000000000057,-3.1000000000000085,0.0031999999999999806,0.7000000000000028,-1.2999999999999972,4.200000000000001,-2.8999999999999986,5.100000000000001,-7.200000000000003,5.699999999999996,-2.700000000000003,0.9000000000000057,-0.8999999999999986,0.29999999999999716,-1.3999999999999986,0.8000000000000114,-0.9000000000000004,-1,0,0.0
1.0,2.0,0.03453453453453459,-3.8999999999999915,-7.1000000000000085,0.029299999999999993,-2.3000000000000043,-0.30000000000000426,3.0,8.900000000000002,10.599999999999998,1.0999999999999979,10.299999999999997,15.8,-1.1000000000000014,-1.7000000000000028,-2.1999999999999957,1.5,3.9000000000000057,0.5,-1,0,0.0
3.0,6.0,0.11208267090620028,-2.5,-2.4000000000000057,0.0038000000000000256,1.2000000000000028,-2.3000000000000043,3.5,1.6999999999999993,4.199999999999999,-1.8000000000000007,6.699999999999996,5.600000000000001,3.5,-1.5,-1.1000000000000014,-2.9000000000000057,-0.9000000000000057,3.3000000000000003,-3,0,0.0
-1.0,1.0,0.05042016806722682,1.5,3.8000000000000114,-0.031200000000000006,-2.1000000000000014,2.5,-1.0,3.3000000000000007,4.900000000000002,1.6999999999999993,6.299999999999997,10.900000000000002,-2.8999999999999986,3.8000000000000043,-0.8999999999999986,-0.10000000000000142,6.599999999999994,0.3999999999999999,-1,0,1.0
5.0,6.0,0.05357142857142849,-0.3999999999999915,-3.5,0.027800000000000047,0.6000000000000014,2.200000000000003,-3.5,0.3999999999999986,-8.299999999999997,-0.9000000000000021,-1.9000000000000021,-11.600000000000001,4.200000000000003,3.0,-3.5,0.9000000000000057,-3.5,4.5,-3,1,0.0
3.0,7.0,0.12957074721780604,1.2000000000000028,0.6000000000000085,0.0038000000000000256,2.8999999999999986,-1.6000000000000014,-1.0,-0.5,2.8000000000000007,-2.099999999999998,1.0,-0.3999999999999986,3.5,-2.0,1.5,-0.10000000000000142,2.299999999999997,0.40000000000000036,-1,-1,0.0
1.0,5.0,0.12352941176470589,6.300000000000011,3.299999999999997,0.020600000000000063,-0.19999999999999574,4.0,-1.5,6.000000000000002,2.6000000000000014,6.0,4.300000000000004,6.5,2.1000000000000014,4.699999999999996,-3.0,1.8000000000000043,3.5,3.0999999999999996,-3,0,0.0
0.0,0.0,0.0,8.200000000000003,-4.6000000000000085,0.10909999999999997,0.3999999999999986,-1.3999999999999986,-1.0999999999999979,0.6000000000000014,4.199999999999999,-0.6999999999999993,-4.5,3.5,-2.200000000000003,-2.5,2.1999999999999957,-0.09999999999999432,1.9000000000000057,2.4999999999999996,-3,0,0.0
-3.0,-4.0,-0.047008547008547064,-8.399999999999991,-2.799999999999997,-0.03279999999999994,-1.7999999999999972,-3.9000000000000057,2.0,-6.400000000000002,-1.5,-4.899999999999999,1.6000000000000014,-8.599999999999998,0.8999999999999986,-5.399999999999999,-3.1000000000000014,-1.1999999999999957,2.200000000000003,2.200000000000001,-1,0,1.0
3.0,-1.0,-0.09849624060150386,1.6000000000000085,-10.099999999999994,0.0877,0.10000000000000142,-4.299999999999997,1.6999999999999993,2.5,-4.300000000000001,1.8000000000000007,0.19999999999999574,4.700000000000003,-2.9000000000000057,-7.399999999999999,2.799999999999997,0.3999999999999986,-7.400000000000006,1.5,-3,1,0.0
-8.0,-6.0,-0.006060606060605989,4.099999999999994,0.5,0.026000000000000023,2.3999999999999986,-1.2000000000000028,3.3000000000000007,-0.1999999999999993,4.5,5.799999999999997,2.8000000000000043,8.299999999999997,1.8000000000000043,-2.299999999999997,2.299999999999997,0.0,4.1000000000000085,-0.10000000000000009,-1,0,1.0
1.0,5.0,0.15608465608465605,-1.8999999999999915,-1.0,-0.005999999999999894,1.7999999999999972,-0.29999999999999716,1.1999999999999993,-3.5,-2.099999999999998,-3.5,-6.599999999999994,-7.099999999999998,3.1999999999999957,2.1000000000000014,-0.8000000000000043,-2.5,7.3999999999999915,3.6999999999999997,-3,0,0.0
-2.0,-2.0,-0.017879948914431676,-3.5,-2.0,-0.00880000000000003,-2.3000000000000043,1.6000000000000014,-0.40000000000000213,2.6000000000000014,-4.800000000000004,-0.40000000000000213,-7.0,1.6999999999999993,-2.8000000000000043,3.6999999999999957,-1.0,-1.6000000000000014,1.0,0.6000000000000001,-3,0,1.0
2.0,6.0,0.13786764705882348,10.799999999999997,6.6000000000000085,0.019199999999999995,6.899999999999999,3.1000000000000014,-0.8999999999999986,-9.200000000000001,3.3000000000000043,-6.399999999999999,4.0,-15.399999999999999,5.0,3.1000000000000014,6.800000000000004,1.8999999999999986,2.700000000000003,4.3,-3,0,0.0
1.0,0.0,-0.025201612903225756,6.200000000000003,1.6999999999999886,0.03049999999999997,-2.0,-0.5999999999999943,-3.700000000000001,0.1999999999999993,4.599999999999998,2.900000000000002,6.600000000000001,4.800000000000001,-3.0,0.29999999999999716,0.10000000000000142,-2.1999999999999957,2.1000000000000014,1.0,-1,1,0.0
-2.0,-6.0,-0.13880742913000976,-3.299999999999997,3.6000000000000085,-0.04849999999999999,-0.6000000000000014,2.799999999999997,0.5,-6.000000000000002,-4.5,-1.5,3.099999999999998,-6.899999999999999,-3.5999999999999943,2.299999999999997,2.6000000000000014,2.900000000000002,2.9000000000000057,-1.1000000000000005,-1,1,1.0
1.0,2.0,0.04133064516129037,-5.400000000000006,-5.299999999999997,0.010099999999999998,0.20000000000000284,-1.0,2.8000000000000007,4.0,-7.199999999999996,3.599999999999998,4.5,7.0000000000000036,1.5,0.7999999999999972,-1.8999999999999986,-2.6999999999999957,4.1000000000000085,2.1999999999999997,-3,0,1.0
1.0,-1.0,-0.05303030303030298,0.0,-6.3999999999999915,0.06389999999999996,-0.6000000000000014,-3.8999999999999986,-0.1999999999999993,5.399999999999999,0.09999999999999432,0.6999999999999993,1.0,11.099999999999998,-0.3999999999999986,-1.8999999999999986,-0.3999999999999986,-4.300000000000001,0.4000000000000057,-0.09999999999999964,-1,0,0.0
0.0,1.0,0.03125,7.599999999999994,7.1000000000000085,-0.008299999999999974,-1.5,4.299999999999997,1.5,5.599999999999998,9.000000000000004,8.400000000000002,8.900000000000002,11.5,-4.100000000000001,7.799999999999997,1.1000000000000014,-1.6999999999999957,-0.8999999999999915,3.5,-3,0,0.0
0.0,-4.0,-0.12903225806451613,-4.299999999999997,-4.700000000000003,0.015300000000000091,-1.1000000000000014,-3.5,0.6999999999999993,-1.5,-4.099999999999998,-1.2999999999999972,0.10000000000000142,7.0,-1.7000000000000028,-5.400000000000006,0.6000000000000014,-0.20000000000000284,-0.6000000000000085,-0.6000000000000001,-1,0,1.0
0.0,7.0,0.21875,12.399999999999991,4.900000000000006,0.05179999999999996,8.100000000000001,3.700000000000003,-2.4000000000000004,-3.3000000000000007,-1.2999999999999972,-4.699999999999999,0.0,-2.900000000000002,6.5,2.1000000000000014,8.2,4.300000000000001,0.0,4.199999999999999,-3,-1,0.0
0.0,-1.0,-0.03125,6.299999999999997,3.0,0.014799999999999924,1.1000000000000014,-1.5,2.6000000000000014,0.5,5.899999999999999,4.399999999999999,0.40000000000000213,8.7,2.3999999999999986,0.0,-0.8000000000000043,-3.299999999999997,5.200000000000003,1.2999999999999998,-1,1,0.0
1.0,-2.0,-0.09425287356321843,-5.900000000000006,-5.0,0.0022000000000000908,-2.8999999999999986,0.9000000000000057,2.099999999999998,0.3999999999999986,-8.399999999999999,-0.8000000000000007,2.0,3.599999999999998,-3.5,1.0,-1.1000000000000014,0.09999999999999432,-0.5,2.3,-1,1,1.0
-1.0,1.0,0.05591397849462365,5.299999999999997,1.4000000000000057,0.033299999999999996,2.0,2.799999999999997,2.5,3.700000000000001,6.899999999999999,3.0,10.299999999999997,0.3999999999999986,-1.0,5.200000000000003,4.600000000000001,-0.6000000000000014,-0.5999999999999943,3.0,-3,0,0.0
2.0,2.0,0.01558441558441559,-3.0,-3.0,0.0041999999999999815,-3.6000000000000014,-2.700000000000003,-3.5000000000000018,-2.6999999999999993,-5.299999999999997,0.5,3.599999999999998,-1.3999999999999986,-3.8999999999999986,-2.5,-2.200000000000003,-1.7999999999999972,0.29999999999999716,1.2000000000000002,-3,0,1.0
1.0,-2.0,-0.0802139037433155,8.900000000000006,-0.7999999999999972,0.07299999999999995,0.6999999999999957,-0.5,0.0,-1.0,5.299999999999997,-0.6999999999999993,3.200000000000003,1.5,2.1000000000000014,-2.799999999999997,-1.6000000000000014,1.9000000000000021,2.200000000000003,0.10000000000000053,-1,0,0.0
0.0,2.0,0.06060606060606066,1.5,-4.6000000000000085,0.047599999999999976,3.5,-2.1000000000000014,4.099999999999998,1.3000000000000007,6.800000000000004,-2.400000000000002,2.8999999999999986,-10.600000000000001,4.100000000000001,-4.100000000000001,1.6999999999999957,0.5,0.5,0.6000000000000005,-3,0,1.0
-2.0,-3.0,-0.047794117647058876,0.6000000000000085,-1.3000000000000114,0.01639999999999997,-7.0,1.9000000000000057,-1.6000000000000014,3.6999999999999993,8.799999999999997,-2.0,6.700000000000003,6.799999999999997,-9.700000000000003,0.6000000000000014,-2.299999999999997,2.099999999999998,-3.3000000000000114,-1.0,-1,0,1.0
0.0,1.0,0.030303030303030276,1.7000000000000028,0.20000000000000284,0.008399999999999963,3.700000000000003,3.1000000000000014,-0.6000000000000014,1.3000000000000007,-7.300000000000001,-0.40000000000000213,1.2999999999999972,4.199999999999999,-1.3999999999999986,7.600000000000001,6.299999999999997,-2.4999999999999964,-0.3999999999999915,2.1999999999999997,-3,0,0.0
-4.0,-1.0,0.05555555555555558,8.0,2.700000000000003,0.015899999999999914,5.700000000000003,1.3999999999999986,0.40000000000000213,-2.700000000000003,0.20000000000000284,-3.1000000000000014,9.0,-8.399999999999999,3.5,0.6000000000000014,6.899999999999999,2.0,2.3999999999999915,2.7,-3,0,1.0
1.0,3.0,0.0626984126984127,-0.5999999999999943,-2.4000000000000057,0.01869999999999994,2.299999999999997,-0.5,-4.199999999999999,-1.1000000000000014,-7.099999999999998,-4.700000000000003,-6.299999999999997,-3.3999999999999986,-1.0,-0.8999999999999986,6.600000000000001,0.30000000000000426,-1.5999999999999943,1.7999999999999998,-1,0,1.0
-1.0,1.0,0.0483641536273115,-9.900000000000006,-7.5,-0.0008000000000000229,-1.3000000000000043,-6.5,5.700000000000001,-0.3000000000000007,1.2999999999999972,-0.09999999999999787,11.100000000000001,9.3,-0.5,-8.300000000000004,-1.5,-2.3000000000000007,2.9000000000000057,1.2999999999999998,-3,0,1.0
1.0,4.0,0.09047619047619049,7.0,3.700000000000003,0.011499999999999955,3.299999999999997,1.0,-5.200000000000001,1.1999999999999993,-7.300000000000001,4.699999999999996,2.6000000000000014,0.30000000000000426,0.3999999999999986,1.9000000000000057,5.799999999999997,-1.1000000000000014,3.3999999999999915,0.7999999999999998,-1,0,0.0
-1.0,1.0,0.04765291607396871,-5.0,-5.799999999999997,0.013000000000000012,-3.700000000000003,-1.5999999999999943,-0.8999999999999986,0.6999999999999993,1.0,-1.6999999999999993,8.299999999999997,-7.799999999999997,-3.1000000000000014,-1.3999999999999986,-2.3000000000000043,-0.9000000000000057,-5.0,1.299999999999999,-3,0,0.0
2.0,8.0,0.16632016632016644,-3.0999999999999943,-8.199999999999989,0.04080000000000006,-1.8999999999999986,-4.5,3.0,1.0,5.4999999999999964,-0.6000000000000014,4.199999999999996,-4.5000000000000036,-1.7000000000000028,-5.100000000000001,-2.1000000000000014,-1.3999999999999986,-7.100000000000001,7.199999999999999,-3,0,0.0
-1.0,-3.0,-0.0638138138138139,-1.2999999999999972,-2.5999999999999943,0.024800000000000044,-1.1000000000000014,-0.7999999999999972,-1.1000000000000014,-1.8000000000000007,-4.599999999999998,-0.6999999999999993,4.399999999999999,-6.0,-0.5,-2.5,-1.3000000000000043,1.6999999999999957,1.7999999999999972,0.5000000000000001,-1,1,1.0
4.0,4.0,0.01547987616099078,6.799999999999997,-3.299999999999997,0.0676,5.0,-2.1000000000000014,0.5,-1.5,0.29999999999999716,-2.099999999999998,-4.100000000000001,1.8000000000000043,5.600000000000001,-3.299999999999997,2.1999999999999957,1.1999999999999993,0.29999999999999716,3.4000000000000004,-3,1,0.0
2.0,10.0,0.21578947368421053,9.5,1.0999999999999943,0.02510000000000001,3.1999999999999957,2.3000000000000043,-5.799999999999999,-1.8999999999999986,-7.899999999999999,-7.5,1.0,-15.399999999999999,3.8999999999999986,-0.8999999999999986,0.7000000000000028,7.5,-10.600000000000009,4.800000000000001,-3,0,0.0
5.0,8.0,0.10357142857142854,3.6999999999999886,-5.599999999999994,0.050000000000000044,1.8999999999999986,-1.5999999999999943,-0.1999999999999993,3.200000000000003,-1.9000000000000021,-0.10000000000000142,-6.600000000000001,0.8999999999999986,4.199999999999996,-2.799999999999997,-1.2999999999999972,-0.5,-0.29999999999999716,2.0,-1,0,0.0
2.0,6.0,0.12664092664092663,-1.5,-7.599999999999994,0.04379999999999995,-2.3000000000000043,-1.3999999999999986,-0.5999999999999996,2.0,3.6999999999999993,-4.900000000000002,6.0,8.5,-4.100000000000001,-3.200000000000003,1.5999999999999943,1.2000000000000028,-10.399999999999999,5.0,-2,0,0.0
2.0,-4.0,-0.14980694980694986,-5.5,-0.9000000000000057,-0.03809999999999991,-5.200000000000003,2.5,1.0,5.299999999999999,1.3999999999999986,9.299999999999997,1.0,-0.10000000000000142,-7.099999999999994,3.700000000000003,-1.7999999999999972,0.3999999999999986,-2.700000000000003,-2.4,-1,1,0.0
1.0,5.0,0.11636636636636644,-2.799999999999997,-2.700000000000003,0.0040999999999999925,-1.4000000000000057,-0.6000000000000014,1.8000000000000007,2.8000000000000007,0.8999999999999986,-4.200000000000003,-0.30000000000000426,6.699999999999999,1.6000000000000014,-2.799999999999997,-4.100000000000001,2.200000000000003,0.29999999999999716,2.5,-3,0,0.0
0.0,1.0,0.027027027027026973,5.200000000000003,1.8999999999999915,0.020000000000000018,3.0999999999999943,-0.19999999999999574,0.9000000000000021,-3.0,-3.599999999999998,1.3000000000000007,-5.100000000000001,-3.9999999999999964,-3.0999999999999943,-0.30000000000000426,8.100000000000001,0.4000000000000057,2.3999999999999915,2.8,-1,0,0.0
5.0,8.0,0.11085972850678727,3.299999999999997,-5.400000000000006,0.057699999999999974,-2.8999999999999986,-2.6999999999999957,1.1999999999999993,-1.0,14.099999999999998,-2.0,-2.8000000000000043,-5.399999999999999,-3.5,-5.0,-1.1000000000000014,0.6000000000000014,5.599999999999994,2.9000000000000004,-3,0,0.0
2.0,1.0,-0.01900584795321647,-4.5,-8.299999999999997,0.03420000000000001,-6.899999999999999,-1.2000000000000028,0.5999999999999996,3.3999999999999986,4.399999999999999,-0.9000000000000021,14.099999999999998,8.100000000000001,-6.200000000000003,3.0,-5.300000000000004,-5.899999999999999,-0.8999999999999915,2.4000000000000004,-1,0,0.0
1.0,4.0,0.0896825396825397,4.900000000000006,1.4000000000000057,0.01750000000000007,0.3999999999999986,0.3999999999999986,-0.6999999999999993,2.0,3.3000000000000007,5.300000000000001,2.700000000000003,7.100000000000001,0.8999999999999986,-1.3000000000000043,0.10000000000000142,2.3999999999999986,1.0,5.4,-3,0,0.0
2.0,9.0,0.191961191961192,2.3999999999999915,-3.0,0.02300000000000002,5.300000000000004,-7.699999999999996,-0.8000000000000007,-10.5,-7.899999999999999,-5.699999999999999,0.10000000000000142,-15.600000000000001,6.5,-6.5,2.0,-6.299999999999997,-0.7000000000000028,1.2999999999999998,-3,-1,1.0
0.0,3.0,0.08108108108108114,10.5,4.200000000000003,0.031399999999999983,5.700000000000003,0.6000000000000014,-2.0,-4.0,-4.899999999999999,-0.6999999999999993,-3.6999999999999957,-13.8,3.0,0.3999999999999986,6.100000000000001,0.9000000000000057,1.1000000000000085,2.8999999999999995,-1,0,1.0
3.0,6.0,0.09924812030075181,1.1000000000000085,-4.200000000000003,0.028900000000000037,-2.0,-4.0,0.1999999999999993,-2.200000000000003,6.0,2.3000000000000007,1.3000000000000043,-2.3000000000000007,5.100000000000001,-4.0,-8.599999999999998,-2.8000000000000043,8.5,6.199999999999999,-3,0,0.0
4.0,4.0,0.02051282051282044,2.0,-5.599999999999994,0.05159999999999998,4.0,-6.0,0.6000000000000014,-5.200000000000001,-2.8000000000000043,-4.400000000000002,-3.5,-5.600000000000001,1.3999999999999986,-7.5,5.899999999999999,-2.1000000000000014,-2.6000000000000085,3.3999999999999995,-1,0,0.0
0.0,5.0,0.13888888888888895,0.0,0.9000000000000057,-0.005099999999999993,1.6999999999999957,-0.8999999999999986,0.0,-0.6000000000000014,-2.8999999999999986,3.1999999999999993,3.3999999999999986,3.1999999999999993,3.8999999999999986,-2.5,-0.6999999999999957,1.1999999999999957,1.7999999999999972,3.8000000000000007,-1,0,1.0
0.0,-3.0,-0.08108108108108103,1.7999999999999972,-0.7000000000000028,0.012900000000000023,0.8999999999999986,4.100000000000001,2.1000000000000014,-0.3000000000000007,2.3999999999999986,-0.5,10.299999999999997,-10.499999999999996,1.6000000000000014,0.6000000000000014,-0.10000000000000142,6.399999999999999,-0.3999999999999915,1.0000000000000009,-1,1,0.0
0.0,4.0,0.10810810810810811,11.700000000000003,-1.0,0.059800000000000075,8.5,-3.0,-3.9999999999999982,-1.3000000000000007,-1.2999999999999972,-0.1999999999999993,-0.5,-9.800000000000004,10.5,-1.8999999999999986,3.0999999999999943,-3.1000000000000014,2.0,-0.5999999999999996,-3,-1,0.0
-1.0,-1.0,-0.004978662873399653,-0.6000000000000085,0.3999999999999915,-0.0030999999999999917,-1.8999999999999986,1.1000000000000014,-3.799999999999999,-4.800000000000001,-2.6999999999999993,-3.8999999999999986,-5.399999999999999,-12.5,-1.0,2.3999999999999986,-2.299999999999997,-0.5999999999999979,-1.5999999999999943,2.1999999999999993,-1,0,1.0
2.0,4.0,0.10606060606060608,0.29999999999999716,-2.9000000000000057,0.021599999999999953,0.5,-1.6000000000000014,-3.8000000000000007,-4.500000000000002,-6.0,-6.599999999999998,-3.8000000000000043,-11.799999999999997,1.1999999999999957,-1.9000000000000057,-0.29999999999999716,0.20000000000000284,-3.5,4.7,-3,0,1.0
4.0,3.0,-0.009803921568627527,8.0,-4.6000000000000085,0.12229999999999996,3.8000000000000043,0.19999999999999574,0.5,2.599999999999998,2.8999999999999986,0.8999999999999986,-5.700000000000003,1.5,4.899999999999999,1.2999999999999972,1.2000000000000028,-1.0999999999999979,3.5999999999999943,4.1,-3,0,0.0
1.0,3.0,0.07196969696969702,11.199999999999989,10.299999999999997,-0.00979999999999992,4.300000000000004,5.0,-6.199999999999999,-4.199999999999999,-4.800000000000001,1.8000000000000007,0.7999999999999972,-11.600000000000001,4.0,3.1999999999999957,3.1999999999999957,5.600000000000001,1.2000000000000028,-0.3999999999999999,-1,0,0.0
-4.0,1.0,0.13897596656217348,11.800000000000011,-2.8999999999999915,0.08330000000000004,10.199999999999996,-4.299999999999997,-1.4999999999999982,-3.6000000000000014,-1.8999999999999986,-2.8000000000000007,-8.2,-10.099999999999998,10.0,-4.799999999999997,7.199999999999999,-2.099999999999998,2.1000000000000085,2.4000000000000004,-3,-1,1.0
0.0,3.0,0.08823529411764697,11.200000000000003,9.699999999999989,-0.006399999999999961,3.200000000000003,1.5,-5.4,-7.5,-1.3999999999999986,2.3999999999999986,-7.5,-13.200000000000003,0.6999999999999957,2.6000000000000014,5.399999999999999,0.09999999999999787,1.2999999999999972,0.2999999999999998,-1,0,0.0
0.0,0.0,0.0,-4.3999999999999915,-7.5,0.03849999999999998,-3.299999999999997,-2.799999999999997,-0.8999999999999986,6.199999999999999,-3.299999999999997,3.8000000000000007,0.0,8.3,-0.8999999999999986,-1.3999999999999986,-5.5,-3.6999999999999957,-1.7000000000000028,2.1000000000000005,-1,0,0.0
0.0,0.0,0.0,-10.899999999999991,-10.600000000000009,0.014000000000000012,-7.299999999999997,-4.400000000000006,1.0,5.300000000000001,3.3999999999999986,1.3999999999999986,-7.0000000000000036,0.40000000000000213,-8.200000000000003,-3.9000000000000057,-3.6000000000000014,-3.3999999999999986,-3.5,1.200000000000001,-1,1,1.0
0.0,1.0,0.032258064516129004,-12.200000000000003,-12.299999999999997,0.02059999999999995,-2.1000000000000014,0.19999999999999574,0.8000000000000007,13.599999999999998,-3.200000000000003,3.6000000000000014,-0.8999999999999986,8.799999999999997,-3.1000000000000014,1.5,-0.20000000000000284,-2.5,-2.0,0.7000000000000002,-1,0,1.0
0.0,4.0,0.12903225806451601,-1.2999999999999972,-10.700000000000003,0.05069999999999997,-5.399999999999999,-4.399999999999999,-1.0,7.699999999999999,5.900000000000002,3.5,-3.5000000000000036,12.200000000000003,-5.800000000000004,-5.200000000000003,-3.3000000000000043,-2.099999999999998,-3.200000000000003,5.6,-3,0,1.0
0.0,1.0,0.032258064516129004,-4.099999999999994,-5.400000000000006,0.016000000000000014,-5.899999999999999,-1.2999999999999972,-0.9000000000000004,7.5,6.099999999999998,4.100000000000001,10.899999999999999,19.4,-9.0,-2.0,-1.8999999999999986,-1.0,2.5999999999999943,1.2999999999999998,-1,0,0.0
0.0,4.0,0.12903225806451613,-8.299999999999997,-8.799999999999997,0.01750000000000007,-5.100000000000001,-3.6000000000000014,-1.799999999999999,-0.8000000000000007,-2.799999999999997,-5.800000000000001,2.0,-10.900000000000002,-7.399999999999999,-5.199999999999996,-1.1000000000000014,-0.6000000000000014,-2.0,2.6000000000000005,-3,0,1.0
0.0,9.0,0.264705882352941,4.400000000000006,-5.200000000000003,0.03370000000000006,4.5,-4.100000000000001,-1.799999999999999,1.0999999999999979,-0.6999999999999957,-2.0,-4.5,-3.8000000000000007,2.8999999999999986,-3.8000000000000043,5.300000000000004,-2.700000000000003,-4.200000000000003,4.199999999999999,-3,0,0.0
1.0,8.0,0.21568627450980393,-0.20000000000000284,-12.0,0.053200000000000025,-3.5999999999999943,-7.100000000000001,-1.0,3.8999999999999986,5.100000000000001,-0.5999999999999979,-6.400000000000002,3.1000000000000014,-6.5,-12.5,1.2999999999999972,0.1999999999999993,-3.6000000000000014,7.3,-3,0,0.0
1.0,5.0,0.12745098039215685,-4.6000000000000085,-7.6000000000000085,0.025599999999999956,-3.200000000000003,-6.0,0.8000000000000007,3.8000000000000007,6.699999999999999,4.200000000000003,-0.5,-1.6000000000000014,-1.7999999999999972,-7.0,-3.3999999999999986,-3.0,-7.1000000000000085,3.700000000000001,-1,0,0.0
1.0,5.0,0.124777183600713,9.900000000000006,1.9000000000000057,0.026600000000000068,1.2000000000000028,-1.7000000000000028,0.5,-3.1999999999999993,7.100000000000001,1.6000000000000014,-0.29999999999999716,7.100000000000001,3.6999999999999957,-1.7000000000000028,-1.7000000000000028,-1.0999999999999979,-0.29999999999999716,6.5,-3,0,0.0
4.0,5.0,0.04166666666666663,-2.5,-7.0,0.023600000000000065,-3.299999999999997,-0.7000000000000028,2.700000000000001,6.600000000000001,9.400000000000002,1.0,0.7999999999999972,2.1999999999999957,0.0,-2.8000000000000043,-6.600000000000001,2.8000000000000007,-0.7000000000000028,1.5,-1,0,0.0
-2.0,-3.0,-0.0368421052631579,7.099999999999994,4.0,0.014799999999999924,3.0,1.1999999999999957,0.09999999999999787,-1.9000000000000021,2.5,-5.299999999999997,-4.599999999999994,4.599999999999994,4.0,1.2999999999999972,0.5,0.20000000000000284,1.4000000000000057,2.2,-3,1,1.0
0.0,3.0,0.07894736842105265,-6.5,-8.5,0.019499999999999962,-1.5999999999999943,-4.900000000000006,3.0,3.8000000000000007,8.299999999999997,-0.09999999999999787,-1.7000000000000028,7.100000000000001,-0.5999999999999943,-5.699999999999996,-1.2000000000000028,-2.1000000000000014,0.3999999999999986,1.5,-1,0,1.0
-3.0,0.0,0.05769230769230771,-6.8999999999999915,-5.199999999999989,-0.0036999999999999256,-5.5,-0.8999999999999986,-0.3000000000000007,4.800000000000001,1.2000000000000028,3.8000000000000007,6.0,-5.700000000000003,-2.3999999999999986,-0.5,-7.800000000000001,-1.1999999999999993,1.6999999999999957,2.8,-3,0,1.0
2.0,1.0,-0.021483021483021503,5.0,-2.5,0.026600000000000068,-1.2999999999999972,2.299999999999997,0.1999999999999993,1.5,1.8999999999999986,2.1999999999999993,1.0999999999999943,-6.600000000000001,-1.1000000000000014,4.299999999999997,-1.2999999999999972,-1.6000000000000014,1.2000000000000028,2.8999999999999995,-1,1,0.0
1.0,6.0,0.13225371120107976,-5.0,-14.599999999999994,0.04409999999999992,-6.799999999999997,-8.299999999999997,1.8000000000000007,4.0,11.600000000000001,-0.40000000000000213,7.199999999999996,7.599999999999998,-7.0,-8.299999999999997,-4.100000000000001,-5.5,-0.3999999999999986,4.5,-2,0,0.0
2.0,2.0,0.0052631578947368585,11.599999999999994,6.699999999999989,0.005800000000000027,1.2999999999999972,2.6000000000000014,-4.1,-4.800000000000001,-2.3999999999999986,1.3000000000000007,-10.899999999999999,-14.899999999999999,1.5,2.0,0.5,4.0,-7.400000000000006,2.3000000000000007,-1,0,0.0
-3.0,-3.0,-0.010135135135135087,-2.1999999999999886,-0.5,-0.0041000000000001036,-0.3999999999999986,-1.6000000000000014,1.5,-2.1000000000000014,4.0000000000000036,-1.5,4.5,7.299999999999997,-4.699999999999996,-0.7000000000000028,5.099999999999994,-1.3999999999999986,3.3999999999999915,2.6999999999999993,-1,0,1.0
0.0,1.0,0.027027027027027084,0.20000000000000284,2.1000000000000085,-0.01629999999999998,-2.0,1.6999999999999957,-2.1999999999999993,2.5,2.900000000000002,0.0,7.299999999999997,3.6999999999999993,4.399999999999999,0.8000000000000043,-7.800000000000004,2.5,-1.7999999999999972,-1.2999999999999998,-1,0,1.0
0.0,1.0,0.02777777777777779,7.8999999999999915,-0.09999999999999432,0.04930000000000001,4.300000000000004,0.29999999999999716,-1.5,-3.3000000000000007,-1.8999999999999986,-2.1000000000000014,0.0,-10.5,4.399999999999999,0.30000000000000426,2.5,-0.10000000000000142,0.6000000000000085,4.7,-3,0,1.0
1.0,1.0,0.004048582995951455,2.700000000000003,0.20000000000000284,0.009800000000000031,-1.1999999999999957,0.6000000000000014,0.5,-0.5999999999999979,7.799999999999997,-2.6999999999999993,-6.600000000000001,-1.8999999999999986,-1.8999999999999986,-2.0,0.20000000000000284,3.299999999999997,-0.9000000000000057,-0.5999999999999996,-1,0,0.0
-2.0,-2.0,-0.007309941520467822,3.700000000000003,0.7000000000000028,0.015100000000000002,0.6000000000000014,1.7000000000000028,0.5,-0.6999999999999993,1.7000000000000028,0.1999999999999993,1.6000000000000014,3.6999999999999993,-0.8999999999999986,-0.8000000000000043,2.3999999999999986,4.400000000000002,3.0,5.0,-2,0,1.0
3.0,9.0,0.1702702702702703,15.700000000000003,2.5999999999999943,0.055499999999999994,7.5,2.1000000000000014,-2.8000000000000007,-3.5,-3.299999999999997,-1.5999999999999979,-9.899999999999999,-11.3,7.899999999999999,3.8999999999999986,4.200000000000003,-0.5999999999999979,2.0,5.8999999999999995,-2,0,0.0
0.0,-7.0,-0.18918918918918926,-0.9000000000000057,-1.7000000000000028,0.014000000000000012,-5.100000000000001,1.7000000000000028,-1.9000000000000021,2.200000000000003,3.799999999999997,6.0,1.5999999999999943,11.599999999999998,-3.200000000000003,1.7999999999999972,-5.699999999999996,1.0,0.09999999999999432,0.5,-2,1,1.0
2.0,2.0,0.011088011088011052,-0.20000000000000284,3.5,-0.02070000000000005,1.6000000000000014,2.700000000000003,-0.8999999999999986,0.8999999999999986,-9.399999999999999,1.1999999999999993,-7.600000000000001,2.3000000000000007,-0.3999999999999986,3.200000000000003,2.8999999999999986,1.2999999999999972,-1.0,1.5999999999999996,-1,0,0.0
-1.0,0.0,0.021592442645074206,-1.0,-1.7999999999999972,0.0049000000000000155,-1.6000000000000014,1.1000000000000014,-1.0,4.499999999999998,1.7000000000000028,3.1000000000000014,-0.3999999999999986,-3.5,3.700000000000003,3.1000000000000014,-6.9999999999999964,-1.7000000000000028,5.0,0.5,-1,0,1.0
2.0,9.0,0.19883040935672502,0.20000000000000284,-4.3999999999999915,0.01970000000000005,1.6000000000000014,-4.299999999999997,-1.1000000000000014,-1.1000000000000014,-4.100000000000001,-1.6000000000000014,-0.7999999999999972,-5.399999999999999,1.0,-1.5,2.1000000000000014,-5.300000000000004,-6.299999999999997,5.0,-2,0,0.0
-1.0,2.0,0.07610241820768138,8.200000000000003,4.700000000000003,0.0048000000000000265,5.5,1.2000000000000028,-2.799999999999999,-3.8000000000000007,4.100000000000001,-1.8999999999999986,2.3999999999999986,-10.700000000000003,8.600000000000001,1.5,-0.20000000000000284,0.6999999999999993,4.5,0.0,-2,-1,1.0
-4.0,0.0,0.13095238095238093,12.799999999999997,3.299999999999997,0.05509999999999993,6.0,1.5,0.20000000000000284,4.300000000000001,5.800000000000001,4.699999999999999,-5.700000000000003,2.3999999999999986,2.200000000000003,1.2000000000000028,7.899999999999999,1.3999999999999986,-4.299999999999997,2.0,-2,0,0.0
-2.0,4.0,0.17708333333333337,-1.5,-1.8999999999999915,0.006099999999999994,-3.700000000000003,0.8999999999999986,1.2999999999999972,5.399999999999999,6.199999999999999,2.6999999999999993,5.699999999999999,10.100000000000001,-4.899999999999999,4.799999999999997,-1.0,-4.199999999999999,-1.7000000000000028,3.3999999999999995,-1,-1,0.0
0.0,5.0,0.16129032258064502,1.7999999999999972,-6.799999999999997,0.05009999999999992,2.8000000000000043,-2.6000000000000014,-0.3000000000000007,4.300000000000001,1.6999999999999957,1.6000000000000014,-3.6999999999999957,6.399999999999999,3.299999999999997,-2.1000000000000014,1.6000000000000014,-3.0000000000000036,-5.200000000000003,5.1000000000000005,-2,0,0.0
0.0,4.0,0.12903225806451601,10.199999999999989,4.200000000000003,0.020199999999999996,4.399999999999999,2.6999999999999957,1.9000000000000004,-4.800000000000001,5.200000000000003,-4.400000000000002,7.200000000000003,-12.0,1.5,4.100000000000001,6.5,0.6000000000000014,-1.5999999999999943,4.499999999999999,-1,0,0.0
0.0,0.0,0.0,7.3999999999999915,2.5,0.0391999999999999,2.200000000000003,1.1000000000000014,1.1999999999999993,2.3000000000000007,7.299999999999997,5.199999999999999,4.699999999999996,7.800000000000001,2.799999999999997,3.8999999999999986,1.1000000000000014,-2.1999999999999993,6.099999999999994,2.0999999999999996,-2,0,0.0
1.0,6.0,0.15418894830659524,0.8000000000000114,-5.1000000000000085,0.01860000000000006,1.1000000000000014,-3.3999999999999986,-2.299999999999999,4.199999999999999,0.5,-2.6999999999999993,-8.0,-8.5,-1.7000000000000028,-5.399999999999999,2.700000000000003,0.09999999999999787,-8.899999999999991,-0.20000000000000107,-1,0,0.0
0.0,1.0,0.030303030303030276,12.200000000000003,1.9000000000000057,0.034600000000000075,4.5,-0.10000000000000142,-3.200000000000001,1.0,-1.0,5.699999999999999,-4.299999999999997,6.100000000000001,2.5,-1.8999999999999986,5.9999999999999964,1.3000000000000007,-0.10000000000000853,4.6,-1,0,0.0
0.0,3.0,0.08823529411764708,5.5,-3.0999999999999943,0.02540000000000009,-0.09999999999999432,0.5,-1.4000000000000004,3.8999999999999986,0.7000000000000028,-0.8000000000000007,-7.199999999999999,4.700000000000003,-5.100000000000001,-2.8000000000000043,5.799999999999997,3.099999999999998,-2.3999999999999986,2.299999999999999,-1,0,0.0
1.0,5.0,0.124777183600713,1.7000000000000028,-2.700000000000003,0.016700000000000048,-0.5,-2.700000000000003,0.1999999999999993,-0.3999999999999986,3.8000000000000043,0.3000000000000007,2.900000000000002,-0.5,2.1000000000000014,-2.3000000000000043,-2.3999999999999986,-2.099999999999998,3.9000000000000057,5.3,-2,0,0.0
-2.0,0.0,0.03947368421052633,8.5,6.700000000000003,-0.0010999999999999899,5.600000000000001,5.399999999999999,-4.299999999999999,-4.900000000000002,-6.299999999999997,-5.100000000000001,-8.399999999999999,-12.7,4.899999999999999,5.0,4.5,4.200000000000003,-0.6000000000000085,1.1000000000000005,0,0,0.0
-1.0,2.0,0.07435897435897443,-8.799999999999997,-9.599999999999994,0.008399999999999963,-3.299999999999997,-8.100000000000001,3.9000000000000004,5.5,7.399999999999999,8.100000000000001,7.699999999999996,9.3,-3.5999999999999943,-5.600000000000001,-1.6000000000000014,-10.399999999999999,4.200000000000003,1.799999999999999,0,0,1.0
-3.0,-6.0,-0.09121621621621623,-4.8999999999999915,3.1999999999999886,-0.03770000000000007,-1.8000000000000043,0.5,2.0,-2.900000000000002,3.0,1.1000000000000014,-1.1000000000000014,-1.6999999999999993,-9.199999999999996,1.1999999999999957,6.0,-0.19999999999999574,4.099999999999994,-0.9000000000000004,0,0,1.0
1.0,0.0,-0.022267206477732837,3.200000000000003,-2.299999999999997,0.02939999999999998,-3.799999999999997,1.7000000000000028,-0.9000000000000021,-0.6999999999999993,8.899999999999999,-4.5,-0.10000000000000142,5.300000000000001,-3.5,0.19999999999999574,-2.5,2.6999999999999993,4.3999999999999915,2.4000000000000004,-2,0,0.0
-1.0,-5.0,-0.1051282051282052,-6.300000000000011,2.3000000000000114,-0.03400000000000003,-2.0,0.6000000000000014,1.6000000000000014,0.0,-0.20000000000000284,4.099999999999998,-2.3999999999999986,-2.099999999999998,-3.3999999999999986,-0.3999999999999986,0.0,1.5999999999999979,0.30000000000001137,-2.4000000000000004,0,0,1.0
-2.0,-2.0,-0.0064102564102566095,2.6000000000000085,3.5999999999999943,-0.007800000000000029,6.200000000000003,6.200000000000003,1.3000000000000007,3.0,-1.8999999999999986,2.8999999999999986,-3.6999999999999993,-10.7,4.200000000000003,5.100000000000001,6.299999999999997,5.5,3.799999999999997,2.5999999999999996,-1,1,0.0
1.0,2.0,0.035650623885918,2.3999999999999915,-0.30000000000001137,0.01539999999999997,2.1000000000000014,-0.6000000000000014,2.3000000000000007,-0.40000000000000213,2.5,0.8999999999999986,2.299999999999997,2.6999999999999993,4.200000000000003,-0.30000000000000426,-0.3999999999999986,-0.8999999999999986,6.5,2.5999999999999996,-1,0,1.0
1.0,0.0,-0.025201612903225756,1.7000000000000028,-8.400000000000006,0.10389999999999999,-1.3999999999999986,-5.799999999999997,2.3999999999999986,1.3999999999999986,6.700000000000003,-2.6999999999999993,1.4000000000000021,15.600000000000001,-1.3000000000000043,-6.100000000000001,-1.1000000000000014,-3.700000000000003,-1.5,1.4,-1,0,1.0
-1.0,-2.0,-0.033868092691622054,4.200000000000003,5.700000000000003,-0.006800000000000028,3.0,1.1000000000000014,-1.1999999999999993,-4.300000000000001,-1.8000000000000043,1.0,5.300000000000001,5.100000000000001,7.100000000000001,3.3000000000000043,-3.0,-1.6999999999999993,6.399999999999999,0.9000000000000004,0,0,1.0
0.0,1.0,0.02941176470588225,0.7000000000000028,-2.700000000000003,0.009399999999999964,2.3999999999999986,-0.7999999999999972,-0.5999999999999996,0.6999999999999993,-2.8999999999999986,-2.3000000000000007,-0.5,-7.600000000000001,1.6000000000000014,-2.5,2.200000000000003,1.2999999999999972,-3.799999999999997,-1.5,0,0,1.0
2.0,5.0,0.08552631578947367,-5.599999999999994,-9.200000000000003,0.02210000000000001,-4.0,-3.200000000000003,3.700000000000001,8.3,5.700000000000003,3.8999999999999986,11.600000000000001,12.2,-2.6000000000000014,-4.200000000000003,-4.600000000000001,-0.8000000000000007,2.299999999999997,2.8,-3,0,0.0
-1.0,-1.0,-0.002564102564102555,-3.8999999999999915,-3.0,0.0006000000000000449,1.8000000000000043,-1.2000000000000028,3.9000000000000004,2.8000000000000007,3.6999999999999957,6.5,3.5999999999999943,1.5,1.1000000000000014,1.5999999999999943,2.200000000000003,-6.100000000000001,7.1000000000000085,-0.6000000000000014,0,0,0.0
0.0,-2.0,-0.050000000000000044,0.20000000000000284,4.0,-0.017200000000000104,-3.5,1.3999999999999986,-0.9000000000000004,-2.400000000000002,12.500000000000004,0.6000000000000014,-1.8000000000000043,0.3999999999999986,-3.5,0.5,-3.5,2.3000000000000043,5.0,-0.3000000000000007,-1,0,1.0
0.0,4.0,0.10256410256410264,-3.200000000000003,-5.200000000000003,0.011299999999999977,4.899999999999999,-7.0,0.0,-1.5,-11.299999999999997,1.1999999999999993,4.700000000000003,-4.700000000000003,5.299999999999997,-6.299999999999997,2.700000000000003,-4.899999999999999,-1.2999999999999972,-0.7000000000000002,0,-1,1.0
0.0,3.0,0.07500000000000007,14.0,3.6999999999999886,0.03500000000000003,5.600000000000001,0.7999999999999972,1.0,-1.3000000000000007,4.100000000000001,2.200000000000003,-1.3000000000000007,-3.3000000000000007,4.299999999999997,2.200000000000003,4.899999999999999,-1.5000000000000036,3.6999999999999886,3.6999999999999993,-2,0,0.0
2.0,4.0,0.08333333333333337,2.200000000000003,-4.700000000000003,0.02429999999999999,3.5,-1.6000000000000014,-1.5,-4.300000000000001,-7.100000000000001,-7.5,9.700000000000003,-5.800000000000001,9.899999999999999,-1.3000000000000043,-5.299999999999997,-1.5,5.799999999999997,1.9000000000000004,0,-1,1.0
0.0,0.0,0.0,1.0,1.7999999999999972,-0.0044999999999999485,-0.30000000000000426,2.6999999999999957,1.3000000000000007,-2.6000000000000014,0.10000000000000142,-2.6000000000000014,8.799999999999997,-9.899999999999999,-4.5,3.8000000000000043,4.5,0.3000000000000007,3.200000000000003,1.3999999999999986,0,0,1.0
0.0,0.0,0.0,-2.9000000000000057,-6.0,0.011099999999999999,-2.299999999999997,-0.3999999999999986,-0.40000000000000036,4.699999999999999,-2.0,0.5,-4.400000000000002,1.1000000000000014,-7.399999999999999,-2.0,4.299999999999997,1.2999999999999972,-8.100000000000001,0.5,0,0,1.0
